,Ward Name,Ward Latitude,Ward Longtitude,Venue Name,Venue Latitude,Venue Longtitude,Venue Address,Venue Distance,Venue Category
0,Chiyoda,35.6938097,139.7532163,Nippon Budokan (日本武道館),35.69335624055126,139.74986493587494,北の丸公園2-3,307,Stadium
1,Chiyoda,35.6938097,139.7532163,Kanda Tendonya (神田天丼家),35.69576473597737,139.75468224826832,神田神保町3-1-14,254,Tempura Restaurant
2,Chiyoda,35.6938097,139.7532163,National Museum of Modern Art (東京国立近代美術館),35.690541286702164,139.754693722934,北の丸公園3-1,387,Art Museum
3,Chiyoda,35.6938097,139.7532163,Kitanomaru Park (北の丸公園),35.69165274543888,139.75120067596436,北の丸公園1-1,301,Park
4,Chiyoda,35.6938097,139.7532163,Bondy (欧風カレー ボンディ),35.695544,139.757356,神田神保町2-3,421,Japanese Curry Restaurant
5,Chiyoda,35.6938097,139.7532163,Jimbocho Kurosu (神保町 黒須),35.695538943400116,139.75485123601928,神田神保町3-1-19,242,Ramen Restaurant
6,Chiyoda,35.6938097,139.7532163,Warayakiya (わらやき屋),35.696017,139.751388,九段北1-3-5,296,Sake Bar
7,Chiyoda,35.6938097,139.7532163,Kanda Coffee,35.697455,139.754686,神田神保町2-38-10,426,Café
8,Chiyoda,35.6938097,139.7532163,Saboru (さぼうる),35.69556,139.75851,神田神保町1-11,516,Café
9,Chiyoda,35.6938097,139.7532163,Jimbocho Shokuniku Center (神保町食肉センター),35.697206,139.757284,神田神保町2-16,527,BBQ Joint
10,Chiyoda,35.6938097,139.7532163,Gavial (ガヴィアル),35.695738,139.758385,神田神保町1-9,514,Japanese Curry Restaurant
11,Chiyoda,35.6938097,139.7532163,Sushi Masa (九段下 寿司政),35.695234,139.752227,九段南1-4-1,182,Sushi Restaurant
12,Chiyoda,35.6938097,139.7532163,Fukumen Tomo (覆麺 智),35.696403,139.75707,神田神保町2-2,452,Ramen Restaurant
13,Chiyoda,35.6938097,139.7532163,Sakura Cafe (サクラカフェ),35.694918,139.756448,神田神保町2-21-4,317,Café
14,Chiyoda,35.6938097,139.7532163,Rice Curry Manten (ライスカレーまんてん),35.698213,139.757428,神田神保町1-54,620,Japanese Curry Restaurant
15,Chiyoda,35.6938097,139.7532163,Akashari Moriichi (赤舎利 もり一),35.697501,139.757179,神田神保町2-24-6,545,Sushi Restaurant
16,Chiyoda,35.6938097,139.7532163,Kissako (きっさこ),35.697543,139.756997,神田神保町2-24-3,538,Café
17,Chiyoda,35.6938097,139.7532163,Kanda Brazil (神田伯剌西爾),35.69582726702768,139.759630061104,神田神保町1-7,621,Coffee Shop
18,Chiyoda,35.6938097,139.7532163,Saboru 2 (さぼうる2),35.695543,139.758599,神田神保町1-11,523,Café
19,Chiyoda,35.6938097,139.7532163,Sakura Hotel Jimbocho (サクラホテル神保町),35.69489779455184,139.75650547138758,神田神保町2-21-4,321,Bed & Breakfast
20,Chiyoda,35.6938097,139.7532163,TAM TAM (タムタム),35.69565110898593,139.75873365998268,神田神保町1-9,539,Café
21,Chiyoda,35.6938097,139.7532163,Yojinbo (用心棒),35.696409,139.756696,神田神保町2-2-21,427,Ramen Restaurant
22,Chiyoda,35.6938097,139.7532163,Jimbocho Book Center (神保町ブックセンター),35.695752,139.757526,神田神保町2-3-1,445,Bookstore
23,Chiyoda,35.6938097,139.7532163,Kitchen Jiro (キッチンジロー),35.69668817561644,139.7518377006054,九段北1-5-5,343,Yoshoku Restaurant
24,Chiyoda,35.6938097,139.7532163,たいよう軒,35.69645369697256,139.75480904420107,神田神保町3-12,327,Chinese Restaurant
25,Chiyoda,35.6938097,139.7532163,Chidorigafuchi Ryokudo (千鳥ヶ淵緑道),35.690592,139.74744,九段南2/三番町先,633,Trail
26,Chiyoda,35.6938097,139.7532163,Mt. Ishii Sports (Mt.石井スポーツ 登山本店),35.696149076408425,139.759646444235,神田神保町1-6-1,636,Outdoor Supply Store
27,Chiyoda,35.6938097,139.7532163,Mazilu (馬子禄 牛肉面),35.695838,139.760086,神田神保町1-3-18,660,Noodle House
28,Chiyoda,35.6938097,139.7532163,THE SEVEN'S HOUSE (セブンズハウス),35.69317761489413,139.75908905267715,神田錦町3-28,535,Café
29,Chiyoda,35.6938097,139.7532163,Maruka (丸香),35.696692600223635,139.76012103259563,神田小川町3-16-1,701,Udon Restaurant
30,Chiyoda,35.6938097,139.7532163,folk Burgers & Beers,35.69685,139.75557,神田神保町2-8-1,399,Burger Joint
31,Chiyoda,35.6938097,139.7532163,Buta Daigaku (豚大学),35.696153,139.758861,神田神保町1-8,573,Donburi Restaurant
32,Chiyoda,35.6938097,139.7532163,Sankouen (三幸園),35.6950858390275,139.75847750902176,神田神保町1-13,496,Chinese Restaurant
33,Chiyoda,35.6938097,139.7532163,Shimizumon Gate (清水門),35.69268530308536,139.75268125534058,北の丸公園,134,Historic Site
34,Chiyoda,35.6938097,139.7532163,Ramen Jiro (ラーメン二郎 神田神保町店),35.695197885510645,139.76076463713426,神田神保町1-21-4,699,Ramen Restaurant
35,Chiyoda,35.6938097,139.7532163,Ladrio (ラドリオ),35.69565880540236,139.7598321410215,神田神保町1-3,632,Café
36,Chiyoda,35.6938097,139.7532163,さかいやスポーツ シューズ館,35.69676376619405,139.7576473823308,神田神保町2-14,518,Shoe Store
37,Chiyoda,35.6938097,139.7532163,Tea House TAKANO,35.695397368380284,139.759912789693,神田神保町1-3,630,Tea Room
38,Chiyoda,35.6938097,139.7532163,Tayasumon Gate (田安門),35.694446977510545,139.7492291877092,北の丸公園1-1,367,Historic Site
39,Chiyoda,35.6938097,139.7532163,Uotetsu (魚鐵),35.69791766494515,139.75029084666681,九段北1-9-7,528,Seafood Restaurant
40,Chiyoda,35.6938097,139.7532163,Ebimaru Ramen (海老丸らーめん),35.69867446772392,139.7565396130085,西神田2-1-13,619,Ramen Restaurant
41,Chiyoda,35.6938097,139.7532163,芊品香,35.69919,139.750242,飯田橋2-16-4,656,Szechuan Restaurant
42,Chiyoda,35.6938097,139.7532163,Kongo-an (こんごう庵),35.696577,139.75907,神田神保町1-18-1,612,Soba Restaurant
43,Chiyoda,35.6938097,139.7532163,Bohemian's Guild (ボヘミアンズ・ギルド),35.69537941675186,139.7605270146857,神田神保町1-1,683,Used Bookstore
44,Chiyoda,35.6938097,139.7532163,DIXANS,35.699539,139.755389,西神田2-7-11,667,Café
45,Chiyoda,35.6938097,139.7532163,Tempura Hachimaki (天麩羅 はちまき),35.69531,139.760309,神田神保町1-19,662,Tempura Restaurant
46,Chiyoda,35.6938097,139.7532163,靖国神社 喫煙所,35.69455240803998,139.74644473120378,九段北3,617,Plaza
47,Chiyoda,35.6938097,139.7532163,Luncheon (ランチョン),35.696152,139.759349,神田神保町1-6,612,Yoshoku Restaurant
48,Chiyoda,35.6938097,139.7532163,Shosen Grande (書泉グランデ),35.695795,139.759746,神田神保町1-3-2,630,Bookstore
49,Chiyoda,35.6938097,139.7532163,Kanda Katsumoto (神田 勝本),35.697488,139.759589,神田猿楽町1-2-4,706,Ramen Restaurant
50,Chiyoda,35.6938097,139.7532163,Madai Ramen Mengyo (真鯛らーめん 麺魚),35.69607914310958,139.75684270262718,神田神保町2-2-38,413,Ramen Restaurant
51,Chiyoda,35.6938097,139.7532163,Nikaido (二階堂),35.69859284421895,139.7509002685547,飯田橋2-3-7,572,Ramen Restaurant
52,Chiyoda,35.6938097,139.7532163,三希房,35.69715888214588,139.7506521770495,九段北1-10-5,439,Chinese Restaurant
53,Chiyoda,35.6938097,139.7532163,Tongarashi (とんがらし),35.69997465513483,139.7528148317159,神田三崎町3-2-10,687,Soba Restaurant
54,Chiyoda,35.6938097,139.7532163,Kazuma Coffee (壹眞珈琲店),35.69616191789129,139.75881546735764,神田神保町1-8,569,Café
55,Chiyoda,35.6938097,139.7532163,Inuimon Gate (乾門),35.689189757352956,139.75203383689453,千代田1-1,525,Historic Site
56,Chiyoda,35.6938097,139.7532163,Lamb Meat Tender (ラム ミート テンダー),35.69472641673897,139.76141452789307,神田小川町3-5-3,748,Steakhouse
57,Chiyoda,35.6938097,139.7532163,Jimbocho Theater (神保町シアター),35.695051226231726,139.76068304577603,神田神保町1-23,689,Movie Theater
58,Chiyoda,35.6938097,139.7532163,天婦羅 いもや,35.697367,139.758097,神田神保町1-32,592,Tempura Restaurant
59,Chiyoda,35.6938097,139.7532163,Books Tokyodo (東京堂書店),35.695255,139.759958,神田神保町1-17,630,Bookstore
60,Chiyoda,35.6938097,139.7532163,Audrey (鴻),35.69511321693624,139.760257532036,神田神保町1-25,652,Japanese Curry Restaurant
61,Chiyoda,35.6938097,139.7532163,Bondy (欧風カレー ボンディ),35.693913,139.761713,神田小川町3-9,768,Japanese Curry Restaurant
62,Chiyoda,35.6938097,139.7532163,Hotel Niwa Tokyo (庭のホテル東京),35.70062182679087,139.75666970014572,神田三崎町1-1-16,820,Hotel
63,Chiyoda,35.6938097,139.7532163,Milonga Nueva (ミロンガ ヌオーバ),35.69570447723358,139.7599098086357,神田神保町1-3,640,Café
64,Chiyoda,35.6938097,139.7532163,GLITCH Coffee & Roasters,35.693746591359535,139.76129315793514,神田錦町3-16,730,Coffee Shop
65,Chiyoda,35.6938097,139.7532163,Alcazar (アルカサール),35.695378,139.758847,神田神保町1-5-10,538,Steakhouse
66,Chiyoda,35.6938097,139.7532163,bistro feve,35.69782432521019,139.75773716218356,神田神保町1-44-5,605,Bistro
67,Chiyoda,35.6938097,139.7532163,Maenam no Hotori (メナムのほとり),35.6934115504345,139.76016998291016,神田錦町3-22,630,Thai Restaurant
68,Chiyoda,35.6938097,139.7532163,Ethiopia (エチオピア),35.696366,139.761431,神田小川町3-10-6,795,Japanese Curry Restaurant
69,Chiyoda,35.6938097,139.7532163,Kitchen Mommy (キッチン マミー),35.69767814224902,139.75658262689683,神田神保町2-28,527,Yoshoku Restaurant
70,Chiyoda,35.6938097,139.7532163,活魚季節料理 味さと,35.696913238207976,139.75156295181964,九段北1-11-12,376,Sake Bar
71,Chiyoda,35.6938097,139.7532163,Koseto Coffee (古瀬戸珈琲店),35.696157561325954,139.76130723953247,神田小川町3-10,776,Café
72,Chiyoda,35.6938097,139.7532163,Mafumi Coffee (眞踏珈琲店),35.694555,139.761908,神田小川町3-1-7,790,Coffee Shop
73,Chiyoda,35.6938097,139.7532163,Tenshudai (Donjon Base) (江戸城 天守台),35.688371431971056,139.75440005088055,千代田1-1,614,Castle
74,Chiyoda,35.6938097,139.7532163,さかいやスポーツ エコープラザ,35.697700353261865,139.75649152150936,神田神保町2-30,524,Outdoor Supply Store
75,Chiyoda,35.6938097,139.7532163,Books Sanseido (三省堂書店),35.695723441434424,139.76084337169425,神田神保町1-1,721,Bookstore
76,Chiyoda,35.6938097,139.7532163,Bon Vivant (ボン・ヴィヴァン),35.698779081486215,139.75813418626785,神田神保町1-64,709,Wine Bar
77,Chiyoda,35.6938097,139.7532163,Cafe de Primavera (カフェ・デ・プリマベーラ),35.697559573490686,139.7594309534994,神田猿楽町1-3-2,699,Café
78,Chiyoda,35.6938097,139.7532163,Kyoeido (共栄堂),35.696178,139.759382,神田神保町1-6,616,Japanese Curry Restaurant
79,Chiyoda,35.6938097,139.7532163,Katsumoto (中華そば勝本),35.700764,139.75279,神田三崎町2-15-5,775,Ramen Restaurant
80,Chiyoda,35.6938097,139.7532163,Bumpodo (文房堂),35.69533852281818,139.76092837750912,神田神保町1-21-1,717,Paper / Office Supplies Store
81,Chiyoda,35.6938097,139.7532163,Brussels (ブラッセルズ 神田),35.69670559103221,139.76006199816663,神田小川町3-16-1,697,Beer Bar
82,Chiyoda,35.6938097,139.7532163,インドカレー カーマ,35.69730454307645,139.75949902628867,神田猿楽町1-2-3,688,Indian Restaurant
83,Chiyoda,35.6938097,139.7532163,Museum Shop (ミュージアムショップ),35.69033956440674,139.75519582629204,北の丸公園3-1,425,Gift Shop
84,Chiyoda,35.6938097,139.7532163,Tare-Katsu (新潟カツ丼 タレカツ),35.699552,139.755705,西神田2-8-9,677,Tonkatsu Restaurant
85,Chiyoda,35.6938097,139.7532163,Yamanoue (てんぷらと和食 山の上),35.69831736669365,139.76110326381772,神田駿河台1-1,871,Tempura Restaurant
86,Chiyoda,35.6938097,139.7532163,Yun Rin Bou (雲林坊),35.696664,139.751698,九段北1-5-5,346,Noodle House
87,Chiyoda,35.6938097,139.7532163,日本武道館 喫煙所,35.692821675559955,139.74954299193323,北の丸公園2-3,349,Plaza
88,Chiyoda,35.6938097,139.7532163,カレー＆オリエンタルバル桃の実,35.70079192158515,139.75698253559034,神田三崎町1-1-14,848,Japanese Curry Restaurant
89,Chiyoda,35.6938097,139.7532163,Panchmahal (パンチマハル),35.6988360253645,139.7583928180123,神田神保町1-64-2,729,Indian Restaurant
90,Chiyoda,35.6938097,139.7532163,Tokyo Athlete Restaurant (東京アスリート食堂),35.69157983304175,139.7613509312871,神田錦町3-21,776,Japanese Restaurant
91,Chiyoda,35.6938097,139.7532163,Matsuo (松翁),35.69932397413661,139.75874082205297,神田猿楽町2-1-7,791,Soba Restaurant
92,Chiyoda,35.6938097,139.7532163,Keio Presso Inn Kudanshita (京王プレッソイン九段下),35.69682490535156,139.7519957836894,九段北1-7-1,353,Bed & Breakfast
93,Chiyoda,35.6938097,139.7532163,FACTORY,35.693144,139.743574,九段南3-7-10,874,Bakery
94,Chiyoda,35.6938097,139.7532163,バンコック コスモ食堂,35.698646,139.756455,西神田2-1-13,612,Thai Restaurant
95,Chiyoda,35.6938097,139.7532163,川国志,35.69507119874765,139.7589859195821,神田神保町1-13,540,Szechuan Restaurant
96,Chiyoda,35.6938097,139.7532163,カフェ ミエル,35.694340905719145,139.74751072160296,九段南2-2-8,519,Café
97,Chiyoda,35.6938097,139.7532163,Shinsekai Saikan (新世界菜館),35.696106,139.757418,神田神保町2-2-15,457,Chinese Restaurant
98,Chiyoda,35.6938097,139.7532163,Shichō-shitsu (試聴室),35.69893031305168,139.7531771169863,西神田3-8-5,570,Rock Club
99,Chiyoda,35.6938097,139.7532163,SAPANA,35.69078005395083,139.75776829718518,一ツ橋1-1-1,532,Indian Restaurant
100,Chuo,35.666255,139.775565,築地 すし大 別館,35.66483115235731,139.77470360754754,築地6-13-3,176,Sushi Restaurant
101,Chuo,35.666255,139.775565,Tsukiji JISAKU (つきじ治作),35.665235697021316,139.77735828216944,明石町14-19,197,Kaiseki Restaurant
102,Chuo,35.666255,139.775565,Karamenya En (からめんや えん),35.664916,139.774722,築地7-15-8,167,Noodle House
103,Chuo,35.666255,139.775565,Sarashina no Sato (さらしなの里),35.668934,139.773938,築地3-3-9,332,Soba Restaurant
104,Chuo,35.666255,139.775565,Sushi Cho (築地 すし兆),35.667796,139.772521,築地3-10-9,324,Sushi Restaurant
105,Chuo,35.666255,139.775565,Sushi Keita (鮨 桂太),35.665428,139.773654,築地 6-6-4,195,Sushi Restaurant
106,Chuo,35.666255,139.775565,Turret COFFEE,35.668105,139.771903,築地2-12-6,389,Coffee Shop
107,Chuo,35.666255,139.775565,Motodane (本種),35.66478017228995,139.771943500914,築地6-25-4,366,Seafood Restaurant
108,Chuo,35.666255,139.775565,Tsukiji Tutto Bene! (築地トゥットベーネ),35.66614389339263,139.77481484413147,築地7-10-10,68,Italian Restaurant
109,Chuo,35.666255,139.775565,築地 すし大 本館,35.664594,139.772312,築地6-21-2,347,Sushi Restaurant
110,Chuo,35.666255,139.775565,やまだや,35.66496281124128,139.77554440498352,築地7-16-3,143,Japanese Restaurant
111,Chuo,35.666255,139.775565,4 Season (フォーシーズン),35.6651347588638,139.77091439276973,築地4-14-18,438,Italian Restaurant
112,Chuo,35.666255,139.775565,Uotake (魚竹),35.66956115798596,139.77179651399987,築地1-9-1,501,Seafood Restaurant
113,Chuo,35.666255,139.775565,Sushi Kuni (鮨國),35.66490315801483,139.77070667747597,築地4-14-15,464,Sushi Restaurant
114,Chuo,35.666255,139.775565,Sushizanmai (すしざんまい 本店),35.665892558623916,139.77060129082327,築地4-11-9,450,Sushi Restaurant
115,Chuo,35.666255,139.775565,秀徳2号店,35.664647745402,139.77137265390024,築地6-26-6,419,Sushi Restaurant
116,Chuo,35.666255,139.775565,Umaimonya (うまいもん屋),35.66897449702186,139.77322697639465,築地2-10-5,369,Japanese Restaurant
117,Chuo,35.666255,139.775565,Tsukiji Outer Market (築地場外市場),35.665158933103505,139.76979911327362,築地4,535,Market
118,Chuo,35.666255,139.775565,Tsukiji Itadori Bekkan (築地虎杖 別館),35.66557682752248,139.770448027985,築地4-10-5,468,Sushi Restaurant
119,Chuo,35.666255,139.775565,Nunotsune Sarashina (布恒更科),35.66766182796394,139.77022022008896,築地2-15-20,508,Soba Restaurant
120,Chuo,35.666255,139.775565,築地鉄板焼Kurosawa,35.66915083033772,139.77261380406568,築地2-9-8,418,Steakhouse
121,Chuo,35.666255,139.775565,天花そば,35.66867443716118,139.77326709833568,築地2-10-7,340,Soba Restaurant
122,Chuo,35.666255,139.775565,Sushitomi (つきじ鈴富 すし富),35.66467567394249,139.7714522822945,築地6-24-8,411,Sushi Restaurant
123,Chuo,35.666255,139.775565,Tempura Kurokawa (てんぷら 黒川),35.66470105848043,139.77195958685977,築地6-21-8,369,Tempura Restaurant
124,Chuo,35.666255,139.775565,Totoya (とゝや),35.66463811954368,139.77222114801407,築地6-21-1,351,Yakitori Restaurant
125,Chuo,35.666255,139.775565,Fujimura (ふじむら),35.66723009833996,139.77073401620078,築地2-14-12,450,Japanese Restaurant
126,Chuo,35.666255,139.775565,築地本願寺カフェ Tsumugi,35.66722343293648,139.7720381929045,築地3-15-1,336,Café
127,Chuo,35.666255,139.775565,Tsukiji Sushiko (築地すし好),35.665021,139.770746,築地4-13-7,456,Sushi Restaurant
128,Chuo,35.666255,139.775565,Tsukiji Paradiso (築地 パラディーゾ),35.66402325513069,139.77100589777473,築地6-27-3,481,Italian Restaurant
129,Chuo,35.666255,139.775565,Akatsuki Park (あかつき公園),35.666568063511605,139.77613332951935,築地7-19-1,62,Park
130,Chuo,35.666255,139.775565,Jige 築地店,35.667466,139.770675,築地2-14-3,462,Japanese Restaurant
131,Chuo,35.666255,139.775565,Tsukishima Spain Club (月島スペインクラブ),35.6659914,139.7822199,月島1-14-7,602,Spanish Restaurant
132,Chuo,35.666255,139.775565,Tsukiji Sushisay Annex (築地寿司清 新館),35.66522397892052,139.7710165110359,築地4-13-5,427,Sushi Restaurant
133,Chuo,35.666255,139.775565,Kishidaya (岸田屋),35.662419458839544,139.77982384471395,月島3-15-12,575,Sake Bar
134,Chuo,35.666255,139.775565,Toritoh (鳥藤 分店),35.66608262492492,139.770360432787,築地4-8-6,471,Donburi Restaurant
135,Chuo,35.666255,139.775565,Tsukiji Miyagawa Honten (つきじ宮川本廛),35.669608,139.772167,築地1-4-6,483,Unagi Restaurant
136,Chuo,35.666255,139.775565,Tsukiji Donburi Ichiba (築地 どんぶり市場),35.666081635582195,139.76979586445148,築地4-9-5,522,Donburi Restaurant
137,Chuo,35.666255,139.775565,Chika no Iki (地下の粋),35.666426,139.770124,築地4-7-5,492,Japanese Restaurant
138,Chuo,35.666255,139.775565,鯨の登美粋,35.66580093941116,139.77032158333932,築地4-10-17,476,Japanese Restaurant
139,Chuo,35.666255,139.775565,Orimine Bakers (オリミネベーカーズ 築地七丁目店),35.66613018165834,139.77482329993128,築地7-10-11,68,Bakery
140,Chuo,35.666255,139.775565,もんじゃ 蔵,35.66349922507038,139.78133518321442,月島3-9-9,605,Monjayaki Restaurant
141,Chuo,35.666255,139.775565,Kyuei (久栄),35.663900630616894,139.78191125074338,月島1-21-3,630,Bakery
142,Chuo,35.666255,139.775565,レストラン ピラミッド,35.668527435347876,139.7710043863006,築地2-12-16,483,German Restaurant
143,Chuo,35.666255,139.775565,築地 山長,35.66506257289478,139.77006040470576,築地4-16-2,515,Gourmet Shop
144,Chuo,35.666255,139.775565,Brozers',35.67145761908622,139.77236934006214,新富2-2-11,647,Burger Joint
145,Chuo,35.666255,139.775565,虎杖 表店,35.66556351825166,139.7698928789664,築地4-9-7,518,Japanese Restaurant
146,Chuo,35.666255,139.775565,Tsukiji Tama Sushi (築地玉寿司 築地本店),35.66926,139.771792,築地1-9-4,477,Sushi Restaurant
147,Chuo,35.666255,139.775565,Kanemasu (かねます),35.66016916742883,139.77678888238236,勝どき1-8-1,686,Japanese Restaurant
148,Chuo,35.666255,139.775565,SPANISH BAR SoL SEVILLA,35.667782087960255,139.7707054244246,築地2-14-2,471,Spanish Restaurant
149,Chuo,35.666255,139.775565,Yazawa Coffee Roaster,35.66530353995367,139.76988323646526,築地4-10-12,524,Coffee Shop
150,Chuo,35.666255,139.775565,Katsuhei (かつ平),35.66489532268634,139.77396965441125,築地6-12-10,209,Tonkatsu Restaurant
151,Chuo,35.666255,139.775565,Ginza Hachigo (銀座 八五),35.670553,139.770152,銀座3-14-2,684,Ramen Restaurant
152,Chuo,35.666255,139.775565,Sushi Takewaka Annex (鮨 竹若 別館),35.66704083077616,139.77119618328362,築地2-14-8,404,Sushi Restaurant
153,Chuo,35.666255,139.775565,つきじ芳野 吉弥,35.664292511699436,139.77226603611345,築地6-21-5,369,Japanese Restaurant
154,Chuo,35.666255,139.775565,Nishimura (にし邑),35.67064427917019,139.7691863221602,銀座3-12-6,755,Tonkatsu Restaurant
155,Chuo,35.666255,139.775565,Banana Juice (バナナジュース),35.670529650297155,139.76988561451435,銀座3-14-4,700,Juice Bar
156,Chuo,35.666255,139.775565,もんじゃ太郎,35.66428121566805,139.78249136764583,月島1-24-10,663,Monjayaki Restaurant
157,Chuo,35.666255,139.775565,もんじゃ わらしべ,35.6640048031899,139.78199350409275,月島1-20-5,633,Monjayaki Restaurant
158,Chuo,35.666255,139.775565,Kitsuneya (きつねや),35.665725,139.769936,築地4-9-12,512,Donburi Restaurant
159,Chuo,35.666255,139.775565,隅田川テラス 勝鬨橋 右岸,35.66335786256624,139.77441787719727,築地6/築地7,338,Trail
160,Chuo,35.666255,139.775565,Tenyasu (佃煮 天安),35.667606261893965,139.78223986923695,佃1-3-14,622,Deli / Bodega
161,Chuo,35.666255,139.775565,インドカリー RASA,35.668755,139.76986,築地1-12-22,586,Japanese Curry Restaurant
162,Chuo,35.666255,139.775565,Yamagata Yama (山形山),35.6639794,139.783153,月島1-5-2,731,BBQ Joint
163,Chuo,35.666255,139.775565,鈴木水産,35.66616306737561,139.77112107110528,築地 4-11-2,402,Japanese Restaurant
164,Chuo,35.666255,139.775565,月島もんじゃ つくしや,35.66269943109626,139.78018814318668,月島3-16-10,575,Monjayaki Restaurant
165,Chuo,35.666255,139.775565,築地 ふく竹 本店,35.66689380689209,139.76905412981068,築地4-2-7,593,Nabe Restaurant
166,Chuo,35.666255,139.775565,東都グリル,35.664150336053666,139.77199970204148,築地6-22-4,398,Japanese Restaurant
167,Chuo,35.666255,139.775565,Uojin (魚仁),35.662299,139.781528,月島3-11-6,696,Sake Bar
168,Chuo,35.666255,139.775565,東京 新三浦 築地本店,35.66969139302035,139.77140039205548,築地1-8-1,536,Japanese Restaurant
169,Chuo,35.666255,139.775565,Kondō (もんじゃ 近どう 本店),35.66262614598304,139.781079493336,月島3-12-10,641,Monjayaki Restaurant
170,Chuo,35.666255,139.775565,IKI OYSTER BAR,35.663442797325466,139.7822731644178,月島1-27-12,682,Seafood Restaurant
171,Chuo,35.666255,139.775565,Tsukiji Bunkajin (つきじ 文化人),35.66832722633154,139.76982265679374,築地1-12-16,568,Soba Restaurant
172,Chuo,35.666255,139.775565,Ginza Ibuki (ぎんざ 一二岐),35.67133229409515,139.77047196513888,銀座2-14-6,729,Kaiseki Restaurant
173,Chuo,35.666255,139.775565,もんじゃ 能登,35.66221689813685,139.7805014932929,月島3-13-12,633,Monjayaki Restaurant
174,Chuo,35.666255,139.775565,まぐろ家 月島西仲店,35.6640469466265,139.782006092384,月島1-20-5,632,Monjayaki Restaurant
175,Chuo,35.666255,139.775565,Toku Uchiyama (徳うち山),35.67029989739888,139.768644867412,銀座3-12-9,770,Kaiseki Restaurant
176,Chuo,35.666255,139.775565,Imakatsu (イマカツ),35.669518,139.768692,銀座4-13-18,719,Tonkatsu Restaurant
177,Chuo,35.666255,139.775565,東京チャイニーズ 一凜,35.669858,139.771535,築地1-5-8,541,Chinese Restaurant
178,Chuo,35.666255,139.775565,割烹 躍金楼,35.67209354316701,139.77472542660072,新富1-10-4,654,Tempura Restaurant
179,Chuo,35.666255,139.775565,銀之塔,35.669436323615315,139.76878001015697,銀座4-13-6,708,Yoshoku Restaurant
180,Chuo,35.666255,139.775565,LA BETTOLA da OCHIAI (ラ ベットラ ダ オチアイ),35.67262128829051,139.77117043744903,銀座1-21-2,812,Italian Restaurant
181,Chuo,35.666255,139.775565,ほていさん,35.66329912542974,139.7812769661562,月島3-9-7,612,Nabe Restaurant
182,Chuo,35.666255,139.775565,海鮮おにぎり屋 築地丸豊,35.665380964198086,139.76974844316484,築地4-9-9,534,Deli / Bodega
183,Chuo,35.666255,139.775565,Ginza Ukai-tei (銀座 うかい亭),35.668008,139.767023,銀座5-15-8,796,Steakhouse
184,Chuo,35.666255,139.775565,Coulis,35.67161233263508,139.77420686920317,新富2-10-10,608,Italian Restaurant
185,Chuo,35.666255,139.775565,Nagomi Takewaka (和み 竹若),35.666992165770885,139.7711898985835,築地2-14-8,404,Seafood Restaurant
186,Chuo,35.666255,139.775565,Nair's Restaurant (ナイルレストラン),35.66998529032267,139.7674853270596,銀座4-10-7,840,Indian Restaurant
187,Chuo,35.666255,139.775565,Ku-ta (飯家くーた),35.66617004261525,139.76604402065274,銀座7-17-8,861,Japanese Restaurant
188,Chuo,35.666255,139.775565,PauPau Aqua Garden (パウパウアクアガーデン),35.666284,139.76569,銀座7-17-14,893,Pet Store
189,Chuo,35.666255,139.775565,Ginza Uchiyama (銀座 うち山),35.67226172773294,139.77014686206948,銀座2-12-3,828,Kaiseki Restaurant
190,Chuo,35.666255,139.775565,Live Coffee (ライブコーヒー),35.66818480084503,139.77376207709312,築地3-5-13,269,Coffee Shop
191,Chuo,35.666255,139.775565,Ebisuya (えびすや),35.663539380792415,139.78155715957587,月島3-9-10,620,Monjayaki Restaurant
192,Chuo,35.666255,139.775565,小田保 築地魚河岸店,35.66475930018302,139.77115958313388,築地6-26-1,431,Teishoku Restaurant
193,Chuo,35.666255,139.775565,麗江,35.66732876417467,139.7830324332418,佃1-6-7,685,Chinese Restaurant
194,Chuo,35.666255,139.775565,長生庵,35.665297475121314,139.77169555300244,築地4-14-1,365,Soba Restaurant
195,Chuo,35.666255,139.775565,Hashimoto (鮨 はしもと),35.67224846528488,139.77489525811484,新富1-8-2,669,Sushi Restaurant
196,Chuo,35.666255,139.775565,Ginza Maguroya (ぎんざ まぐろや),35.66499679211234,139.77333158254623,築地6-8-10,245,Sushi Restaurant
197,Chuo,35.666255,139.775565,Tsukiji Nippon Fish Port Market (築地にっぽん漁港市場),35.66519953410027,139.76981913931488,築地4-16-2,532,Fish Market
198,Chuo,35.666255,139.775565,Choshiya (チョウシ屋),35.67086873011728,139.76897458954826,銀座3-11-6,786,Deli / Bodega
199,Chuo,35.666255,139.775565,HOKUO,35.67003863608209,139.7746954715819,築地1-1-1,428,Bakery
200,Minato,35.6432274,139.7400553,Matsushimaya (松島屋),35.64057887602074,139.73752873533385,高輪1-5-25,373,Wagashi Place
201,Minato,35.6432274,139.7400553,Maison Kayser (メゾンカイザー),35.643569085160024,139.7359523177147,高輪1-4-21,373,Bakery
202,Minato,35.6432274,139.7400553,コート・ドール,35.64734543642766,139.7378396824935,三田5-2-18,500,French Restaurant
203,Minato,35.6432274,139.7400553,David's Deli,35.644742675221075,139.73765093363946,三田5-13-13,275,Kosher Restaurant
204,Minato,35.6432274,139.7400553,Imafuku (今福),35.64537870763084,139.73414182662964,白金1-12-19,586,Sukiyaki Restaurant
205,Minato,35.6432274,139.7400553,Ramen Jiro (ラーメン二郎 三田本店),35.648053,139.741625,三田2-16-3,555,Ramen Restaurant
206,Minato,35.6432274,139.7400553,Maruichi Bagel (マルイチベーグル),35.645429164592954,139.733249765725,白金1-15-22,662,Bagel Shop
207,Minato,35.6432274,139.7400553,Patisserie Passion de Rose,35.645099709526335,139.73446369171143,白金1-13-12,547,Dessert Shop
208,Minato,35.6432274,139.7400553,MAISON D'AHNI,35.645557,139.733338,白金1-11-15,660,Dessert Shop
209,Minato,35.6432274,139.7400553,Seizan (日本料理 晴山),35.647410500679264,139.739840627429,三田2-17-29,466,Kaiseki Restaurant
210,Minato,35.6432274,139.7400553,Peacock Store (ピーコックストア),35.64126577093054,139.7378070652485,三田4-9-7,298,Grocery Store
211,Minato,35.6432274,139.7400553,白金高輪 SELENE b2,35.647992022359965,139.73830654421846,三田5-2-30,553,Rock Club
212,Minato,35.6432274,139.7400553,Seiuntei (盛運亭),35.64760440305874,139.73637723273038,南麻布2-7-26,590,Ramen Restaurant
213,Minato,35.6432274,139.7400553,大船,35.644455,139.73624,三田5-20-7,371,Yakitori Restaurant
214,Minato,35.6432274,139.7400553,PASSAGE COFFEE,35.64852159608267,139.74460849697047,芝5-14-16,719,Coffee Shop
215,Minato,35.6432274,139.7400553,歓迎,35.646569,139.747412,芝5-33-1,762,Chinese Restaurant
216,Minato,35.6432274,139.7400553,Al Ceppo / アル・チェッポ,35.64237015746494,139.7331977648556,白金2-3-19,627,Italian Restaurant
217,Minato,35.6432274,139.7400553,ライフ ムスブ田町店,35.644836083980515,139.74875699716586,芝浦3-1-21,807,Supermarket
218,Minato,35.6432274,139.7400553,Horumon Masaru (ホルモン まさる),35.648068820727175,139.74663654759235,芝5-21-14,803,BBQ Joint
219,Minato,35.6432274,139.7400553,三味,35.64681212260029,139.7433413676664,三田3-4-6,497,Japanese Restaurant
220,Minato,35.6432274,139.7400553,ゑびす 田町店,35.647351965626065,139.74381429907683,三田3-3-2,571,Japanese Restaurant
221,Minato,35.6432274,139.7400553,三田台公園,35.64248146832535,139.73920979924017,三田4-17-28,112,Park
222,Minato,35.6432274,139.7400553,Tully's Coffee 白金高輪駅店,35.644504,139.734458,白金1-17-3,525,Coffee Shop
223,Minato,35.6432274,139.7400553,Kamezuka Park (亀塚公園),35.643333781815215,139.74052164682098,三田4-16-20,43,Park
224,Minato,35.6432274,139.7400553,Backerei Blau Berg (ベッカライ  ブラウベルグ),35.64396305092461,139.73299776444378,白金3-9-6,643,Bakery
225,Minato,35.6432274,139.7400553,中華料理 大宝,35.64701154184831,139.73617292224367,南麻布2-7-23,548,Chinese Restaurant
226,Minato,35.6432274,139.7400553,Aozora (沖縄料理と古酒 青空),35.64875129526038,139.7457050451327,芝5-15-4,799,Japanese Restaurant
227,Minato,35.6432274,139.7400553,Yakiniku Jumbo (焼肉ジャンボ),35.646991527126694,139.73140060901642,白金3-1-1,888,BBQ Joint
228,Minato,35.6432274,139.7400553,Wagyu Yakiniku KIM (和牛焼肉 KIM),35.643531,139.732238,白金2-2-2,707,BBQ Joint
229,Minato,35.6432274,139.7400553,Koshu Ichiba (広州市場),35.645230637795315,139.74896792822406,芝浦3-1-21,836,Cantonese Restaurant
230,Minato,35.6432274,139.7400553,Comme la Gueuze (コム・ラ・グーズ),35.648457,139.745161,芝5-24-16,743,Belgian Restaurant
231,Minato,35.6432274,139.7400553,社中交歡 萬來舍,35.648332,139.743025,三田2-15-45,628,Café
232,Minato,35.6432274,139.7400553,Bondy (欧風カレー ボンディ),35.642513,139.748109,芝浦3-14-5,732,Japanese Curry Restaurant
233,Minato,35.6432274,139.7400553,NORI,35.64296020926912,139.7329824411489,白金2-3-23,640,Bistro
234,Minato,35.6432274,139.7400553,Yamatoya (立呑処 やまとや),35.646271,139.747065,芝5-34-7,718,Sake Bar
235,Minato,35.6432274,139.7400553,三田 山田屋,35.647297194000686,139.74388492796626,三田3-1-19,570,Japanese Restaurant
236,Minato,35.6432274,139.7400553,津国屋,35.64823722474116,139.741416687135,三田2-16-8,571,Sake Bar
237,Minato,35.6432274,139.7400553,つけ麺・ラーメン 天空,35.64706902102764,139.74377372641848,三田3-3-4,544,Ramen Restaurant
238,Minato,35.6432274,139.7400553,à la 麓屋,35.6477510807002,139.74665380248777,芝5-26-10,780,Soba Restaurant
239,Minato,35.6432274,139.7400553,鉄火 本店,35.647975740898005,139.74562168121338,芝5-23-15,730,Sake Bar
240,Minato,35.6432274,139.7400553,ドラッグストア スマイル 芝浦海岸通店,35.640023,139.747979,芝浦4-13-23,800,Drugstore
241,Minato,35.6432274,139.7400553,ROZZO SICILIA,35.64693170661818,139.73178416490555,白金1-1-12,854,Italian Restaurant
242,Minato,35.6432274,139.7400553,PASTAVOLA (パスターヴォラ),35.647185666632865,139.74956194597854,芝4-16-1,966,Italian Restaurant
243,Minato,35.6432274,139.7400553,Bamboo Lobby Bar & Lounge (ロビーラウンジ バンブー),35.639379,139.730577,白金台1-1-50,958,Lounge
244,Minato,35.6432274,139.7400553,NHK交響楽団 高輪演奏所,35.639042170679765,139.73850863471847,高輪2-16-49,486,Music Venue
245,Minato,35.6432274,139.7400553,Hanamasa (肉のハナマサ),35.642158,139.747879,芝浦3-15-9,717,Butcher
246,Minato,35.6432274,139.7400553,APA Hotel Shinagawa Sengakuji Ekimae (アパホテル品川泉岳寺駅前),35.638011087135666,139.73931580781937,高輪2-16-30,584,Bed & Breakfast
247,Minato,35.6432274,139.7400553,Tasuke (蕎麦一心たすけ),35.646911000163605,139.7463807463646,芝5-27-13,703,Soba Restaurant
248,Minato,35.6432274,139.7400553,Starbucks,35.64480568774519,139.74889260959299,芝浦3-1-21,818,Coffee Shop
249,Minato,35.6432274,139.7400553,鳥一代 本店,35.643222,139.748833,芝浦3-13-18,794,Yakitori Restaurant
250,Minato,35.6432274,139.7400553,三田 ばさら,35.650616491082886,139.74490751739322,芝3-43-16,932,Sukiyaki Restaurant
251,Minato,35.6432274,139.7400553,杏花園,35.64777123784629,139.74662926660844,芝5-26-10,780,Chinese Restaurant
252,Minato,35.6432274,139.7400553,Shinpachi Shokudo (しんぱち食堂),35.646965,139.74644,芝5-27-12,711,Teishoku Restaurant
253,Minato,35.6432274,139.7400553,SALVATORE CUOMO,35.6429371414929,139.734041144507,白金1-29-9,545,Pizza Place
254,Minato,35.6432274,139.7400553,Casa Vinitalia (カーザ・ヴィニタリア),35.65119385257362,139.7371083498001,南麻布1-7-31,926,Italian Restaurant
255,Minato,35.6432274,139.7400553,Bar Socie,35.64288131499501,139.74841848643692,芝浦3-14-2,757,Bar
256,Minato,35.6432274,139.7400553,Mumbai (ムンバイ 三田店),35.646982,139.744263,三田3-4-14,565,Indian Restaurant
257,Minato,35.6432274,139.7400553,このむ 三光坂下,35.64362405491083,139.73123967647552,白金2-1-5,798,Japanese Restaurant
258,Minato,35.6432274,139.7400553,はま多゛,35.647966173832955,139.74505050163108,芝5-24-13,694,Japanese Restaurant
259,Minato,35.6432274,139.7400553,瀬戸内水軍,35.64828815724843,139.7455577316153,芝5-24-3,751,Japanese Restaurant
260,Minato,35.6432274,139.7400553,Bistro Roven,35.647484,139.74962,芝4-13-11,986,Bistro
261,Minato,35.6432274,139.7400553,Adan (アダン),35.636572090822746,139.73763725335792,高輪2-12-54,772,Japanese Restaurant
262,Minato,35.6432274,139.7400553,Daphne Coffee (ダフニコーヒー),35.64905015311578,139.74600019769352,芝5-10-11,842,Coffee Shop
263,Minato,35.6432274,139.7400553,Kiraboshi Shokudo (きらぼし食堂),35.6430791268308,139.73365427058567,白金1-29-13,579,Japanese Restaurant
264,Minato,35.6432274,139.7400553,Muho (夢呆),35.644777,139.735465,高輪1-1-12,449,Soba Restaurant
265,Minato,35.6432274,139.7400553,TARANTELLA da luigi,35.644772871960654,139.73134865312878,白金3-22-2,806,Pizza Place
266,Minato,35.6432274,139.7400553,Starbucks,35.646225,139.746552,芝5-34-6,675,Coffee Shop
267,Minato,35.6432274,139.7400553,東興飯店,35.63559802768827,139.7386634961759,高輪2-14-17,858,Chinese Restaurant
268,Minato,35.6432274,139.7400553,蕎麦切 宮下 三田綱町,35.65111406907884,139.74305196587522,三田2-6-13,918,Soba Restaurant
269,Minato,35.6432274,139.7400553,亀喜,35.647778487032475,139.74541381001472,芝5-26-3,701,Japanese Restaurant
270,Minato,35.6432274,139.7400553,鳥亭,35.646897636934504,139.73152454356108,白金3-1-2,873,Japanese Restaurant
271,Minato,35.6432274,139.7400553,GaNapati ガナパティ 三田店,35.64793579320072,139.74138189888976,三田4-1-4,537,Indian Restaurant
272,Minato,35.6432274,139.7400553,Chugoku Hanten (中国飯店),35.6496213,139.7449733,芝5-13-18,839,Chinese Restaurant
273,Minato,35.6432274,139.7400553,倶楽湾,35.642935,139.750249,芝浦3-11-4,922,Chinese Restaurant
274,Minato,35.6432274,139.7400553,ステーキハウス 木馬,35.646503867872624,139.74729203799603,芝5-33-1,749,Steakhouse
275,Minato,35.6432274,139.7400553,和味 大輔,35.64077593969553,139.72957811128833,白金2-6-14,986,Japanese Restaurant
276,Minato,35.6432274,139.7400553,Can Do (キャンドゥ 白金店),35.64446003687487,139.7314636682557,白金3-23-3,789,Discount Store
277,Minato,35.6432274,139.7400553,中国家庭料理 大連,35.64876060802934,139.74553793450013,芝5-15-3,790,Chinese Restaurant
278,Minato,35.6432274,139.7400553,Daiso (ダイソー),35.643467,139.736325,高輪1-5-1,338,Discount Store
279,Minato,35.6432274,139.7400553,Deurali Bhatti (デウラリ・バッティ),35.64835384537914,139.74668094571712,芝5-21-15,827,Indian Restaurant
280,Minato,35.6432274,139.7400553,Asian Kebab (アジアンケバブ),35.64555088458575,139.7356374553478,白金1-12-8,476,Kebab Restaurant
281,Minato,35.6432274,139.7400553,Hotel Gracery Tamachi (ホテルグレイスリー田町),35.64378805438492,139.75089545323726,芝浦3-8-1,982,Hotel
282,Minato,35.6432274,139.7400553,CAFÉ de CRIÉ,35.64448442439264,139.7487394689891,芝浦3-1-30,797,Café
283,Minato,35.6432274,139.7400553,Keiyo D2 (ケーヨーデイツー 三田店),35.646197,139.740151,三田4-2-20,330,Hardware Store
284,Minato,35.6432274,139.7400553,ANYTIME FITNESS 芝浦店,35.637081,139.747147,芝浦4-17-3,937,Gym / Fitness Center
285,Minato,35.6432274,139.7400553,Himalaya Curry (ヒマラヤカレー 白金店),35.64305167122371,139.73369804216378,白金1-29-13,575,Himalayan Restaurant
286,Minato,35.6432274,139.7400553,田村町木村屋 三田店,35.64783447835502,139.74906275021223,芝5-18-2,962,Yoshoku Restaurant
287,Minato,35.6432274,139.7400553,炭火焼 湯浅,35.64785883807318,139.74678612890287,芝5-20-20,797,Japanese Restaurant
288,Minato,35.6432274,139.7400553,Yudetaro (ゆで太郎),35.643139611393664,139.7421783953905,三田3-7-13,192,Soba Restaurant
289,Minato,35.6432274,139.7400553,Natural Lawson (ナチュラルローソン 白金一丁目店),35.64522252766647,139.73529701102342,白金1-12-14,484,Convenience Store
290,Minato,35.6432274,139.7400553,Starbucks,35.635596,139.740671,港南2-1-220,851,Coffee Shop
291,Minato,35.6432274,139.7400553,Sheraton Miyako Tokyo Hotel (シェラトン都ホテル東京),35.6393035,139.7306489,白金台1-1-50,956,Hotel
292,Minato,35.6432274,139.7400553,紋屋 泉岳寺門前店,35.637733098688074,139.7371659977925,高輪2-11-6,665,Japanese Restaurant
293,Minato,35.6432274,139.7400553,GAZTA (ガスタ),35.64508815152172,139.73340088952898,白金1-14-10,636,Pastry Shop
294,Minato,35.6432274,139.7400553,サムラートカレーハウス,35.644477,139.735275,高輪1-2-1,454,Indian Restaurant
295,Minato,35.6432274,139.7400553,Tenkaippin (天下一品),35.648467,139.746711,芝5-17-11,838,Ramen Restaurant
296,Minato,35.6432274,139.7400553,La Gioconda,35.65100641447391,139.74460244178772,三田2-10-2,958,Italian Restaurant
297,Minato,35.6432274,139.7400553,鬼わそと,35.64354679419664,139.73270081159677,白金2-2-4,666,Japanese Restaurant
298,Minato,35.6432274,139.7400553,鈴木屋,35.64573798569106,139.7315287816134,白金3-9-8,820,Sake Bar
299,Minato,35.6432274,139.7400553,Resham Firiri (レッサム フィリリ),35.636019,139.738232,高輪2-14-9,819,Bar
300,Shinjuku,35.6937632,139.7036319,Thermae Yu (テルマー湯),35.694526,139.7051388,歌舞伎町1-1-2,160,Spa
301,Shinjuku,35.6937632,139.7036319,Jojoen Yugentei (叙々苑 游玄亭),35.695074947466786,139.70313884317875,歌舞伎町1-10-7,152,BBQ Joint
302,Shinjuku,35.6937632,139.7036319,nagune,35.6942348,139.7045234,歌舞伎町1-1-5,96,Bar
303,Shinjuku,35.6937632,139.7036319,Rock Bar Mother,35.69466106705795,139.70279484987256,歌舞伎町1-11-1,125,Bar
304,Shinjuku,35.6937632,139.7036319,Metal Bar GODZ,35.69492079508416,139.70291796912676,歌舞伎町1-10-5,144,Bar
305,Shinjuku,35.6937632,139.7036319,Kamiya (カミヤ),35.694749595044016,139.7026216700644,歌舞伎町1-11-3,142,Sake Bar
306,Shinjuku,35.6937632,139.7036319,MUJI,35.69274840373113,139.70368628469214,新宿3-15-15,113,Clothing Store
307,Shinjuku,35.6937632,139.7036319,DUG,35.692951,139.70336,新宿3-15-12,93,Jazz Club
308,Shinjuku,35.6937632,139.7036319,TOHO Cinemas (TOHOシネマズ 新宿),35.69485639361873,139.70201785260488,歌舞伎町1-19-1,190,Multiplex
309,Shinjuku,35.6937632,139.7036319,Acacia (アカシア),35.693116,139.70157,新宿3-22-10,199,Yoshoku Restaurant
310,Shinjuku,35.6937632,139.7036319,Books Kinokuniya (紀伊國屋書店),35.692223,139.703,新宿3-17-7,180,Bookstore
311,Shinjuku,35.6937632,139.7036319,The OPEN BOOK,35.694069,139.704926,歌舞伎町1-1-6,121,Bar
312,Shinjuku,35.6937632,139.7036319,Chanpha (タイ屋台料理 チャンパー),35.69241385635737,139.70415070652962,新宿3-15-17,157,Thai Restaurant
313,Shinjuku,35.6937632,139.7036319,Shinjuku Unatetsu (新宿うな鐵),35.694692,139.702645,歌舞伎町1-11-2,136,Unagi Restaurant
314,Shinjuku,35.6937632,139.7036319,Shimonya (四文屋),35.691885,139.70352,新宿3-17-21,209,Sake Bar
315,Shinjuku,35.6937632,139.7036319,Takano Fruit Parlour (タカノフルーツパーラー),35.691966,139.701975,新宿3-26-11,249,Dessert Shop
316,Shinjuku,35.6937632,139.7036319,kagaya,35.69178484668622,139.7026588809026,新宿3-17-7,237,Smoke Shop
317,Shinjuku,35.6937632,139.7036319,BERG,35.69194488125343,139.70108178284866,新宿3-38-1,306,Pub
318,Shinjuku,35.6937632,139.7036319,Haidilao Hot Pot (海底撈火鍋),35.695223,139.701308,歌舞伎町1-21-21,265,Hotpot Restaurant
319,Shinjuku,35.6937632,139.7036319,Junmaishu Yata (純米酒専門 YATA),35.6922839,139.7055042,新宿3-14-22,236,Bar
320,Shinjuku,35.6937632,139.7036319,Dosukoi Shimonya (どすこい四文屋),35.69301950380442,139.7013631630263,新宿3-22-4,221,Sake Bar
321,Shinjuku,35.6937632,139.7036319,BEAUTY APOTHECARY,35.69173116800768,139.70463752746582,新宿3-14-1,243,Cosmetics Shop
322,Shinjuku,35.6937632,139.7036319,Taruichi (樽一),35.69433432698568,139.70416992189354,歌舞伎町1-2-9,80,Japanese Restaurant
323,Shinjuku,35.6937632,139.7036319,Yanbaru (やんばる),35.69290858647255,139.70193520188332,新宿3-22-1,180,Noodle House
324,Shinjuku,35.6937632,139.7036319,Isetan (伊勢丹 新宿店),35.691602,139.704591,新宿3-14-1,255,Department Store
325,Shinjuku,35.6937632,139.7036319,LOFT/PLUS ONE,35.69481704668266,139.7021762536565,歌舞伎町1-14-7,176,Event Space
326,Shinjuku,35.6937632,139.7036319,伊勢丹 地下食品売場,35.691224940287796,139.70474956833993,新宿3-14-1,300,Food & Drink Shop
327,Shinjuku,35.6937632,139.7036319,Shakey's (シェーキーズ),35.691256,139.703634,新宿3-30-11,279,Pizza Place
328,Shinjuku,35.6937632,139.7036319,Suntory Lounge Eagle (サントリーラウンジ イーグル),35.692856509762834,139.7015556693077,新宿3-24-11,213,Lounge
329,Shinjuku,35.6937632,139.7036319,Tatsukichi (新宿 立吉),35.69112894491255,139.7050937312771,新宿3-5-3,321,Kushikatsu Restaurant
330,Shinjuku,35.6937632,139.7036319,Sheesha Cafe DUBAI,35.69441355631064,139.70174220715285,歌舞伎町1-18-1,185,Hookah Bar
331,Shinjuku,35.6937632,139.7036319,Ponto-cho (先斗町),35.69515674344698,139.70543519334274,歌舞伎町2-9-18,225,Sake Bar
332,Shinjuku,35.6937632,139.7036319,Numata (もつ煮込み専門店 沼田),35.69117785156946,139.70564603805542,新宿3-6-3,340,Sake Bar
333,Shinjuku,35.6937632,139.7036319,Bake Cheese Tart (BAKE CHEESE TART),35.691714200752074,139.7014577260661,新宿3-38-1,301,Pastry Shop
334,Shinjuku,35.6937632,139.7036319,Bali An Island (バリアンアイランド 新宿店),35.69593969305559,139.70406344465707,歌舞伎町2-22-10,245,Hotel
335,Shinjuku,35.6937632,139.7036319,Iwamoto Q (いわもとQ),35.694295,139.703345,歌舞伎町1-4-8,64,Soba Restaurant
336,Shinjuku,35.6937632,139.7036319,Isetan Men's (伊勢丹メンズ館),35.69238904318718,139.70469385385513,新宿3-14-1,180,Department Store
337,Shinjuku,35.6937632,139.7036319,Jean-Paul Hévin,35.69175730884682,139.70446586608887,新宿3-14-1,235,Chocolate Shop
338,Shinjuku,35.6937632,139.7036319,Shabu-Shabu Niimura (しゃぶしゃぶ にいむら),35.694528,139.701954,歌舞伎町1-14-3,173,Shabu-Shabu Restaurant
339,Shinjuku,35.6937632,139.7036319,Sungari (スンガリー),35.693152,139.702355,新宿3-21-6,133,Russian Restaurant
340,Shinjuku,35.6937632,139.7036319,Shanghai Xiaochi (上海小吃),35.6948817,139.7037882,歌舞伎町1-3-10,125,Chinese Restaurant
341,Shinjuku,35.6937632,139.7036319,Shisha Lounge 香楽,35.69508617076214,139.70264043951286,歌舞伎町1-11-5,172,Hookah Bar
342,Shinjuku,35.6937632,139.7036319,Shinjuku Loft (新宿LOFT),35.69549146151973,139.7025736478463,歌舞伎町1-12-9,214,Rock Club
343,Shinjuku,35.6937632,139.7036319,Ramen Hayashida (らぁ麺 はやし田),35.690778,139.703828,新宿3-31-5,332,Ramen Restaurant
344,Shinjuku,35.6937632,139.7036319,noix de beurre,35.691741,139.70455,新宿3-14-1,239,Pastry Shop
345,Shinjuku,35.6937632,139.7036319,Ban-Thai (タイ国料理 バンタイ),35.69410668177647,139.7010312974453,歌舞伎町1-23-14,238,Thai Restaurant
346,Shinjuku,35.6937632,139.7036319,Ramen Takahashi (焼きあご塩らー麺 たかはし),35.695186,139.700504,歌舞伎町1-27-3,324,Ramen Restaurant
347,Shinjuku,35.6937632,139.7036319,Progressive Rock Store (プログレッシヴロック館),35.690649546338825,139.70382562937857,新宿3-31-4,347,Record Shop
348,Shinjuku,35.6937632,139.7036319,Togenbo (陶玄房),35.690542097876516,139.70363312549688,新宿3-31-5,358,Pub
349,Shinjuku,35.6937632,139.7036319,Aging Beef Tokyo (エイジング・ビーフ TOKYO),35.69136669301958,139.70539659261703,新宿3-5-4-6,310,BBQ Joint
350,Shinjuku,35.6937632,139.7036319,disk union 新宿本館,35.69063324502765,139.7038435935974,新宿3-31-4,348,Record Shop
351,Shinjuku,35.6937632,139.7036319,Ramen Housenka (らぁ麺 鳳仙花),35.694435329869286,139.70069454177073,歌舞伎町1-24-6,275,Ramen Restaurant
352,Shinjuku,35.6937632,139.7036319,Shinpachi Shokudo (しんぱち食堂),35.69486,139.70044,歌舞伎町1-26-3,313,Teishoku Restaurant
353,Shinjuku,35.6937632,139.7036319,Menshou Taketora (麺匠 竹虎),35.6957796283789,139.7023804485798,歌舞伎町2-36-3,251,Ramen Restaurant
354,Shinjuku,35.6937632,139.7036319,Books Kinokuniya Annex (紀伊國屋書店 新宿別館),35.69272327676969,139.7031984126613,新宿3-15-11,122,Bookstore
355,Shinjuku,35.6937632,139.7036319,Kinokuniya Hall (紀伊國屋ホール),35.69223830937352,139.70288920021625,新宿3-17-7,182,Theater
356,Shinjuku,35.6937632,139.7036319,Tokyu Stay Shinjuku (東急ステイ新宿),35.690883307430376,139.70612459275137,新宿3-7-1,391,Bed & Breakfast
357,Shinjuku,35.6937632,139.7036319,Negishi (ねぎし),35.696329,139.700466,歌舞伎町2-45-2,404,Japanese Restaurant
358,Shinjuku,35.6937632,139.7036319,Yanbaru 2 (やんばる 2号店),35.69290967565828,139.70185339450836,新宿3-22-1,186,Noodle House
359,Shinjuku,35.6937632,139.7036319,Theatre Shinjuku (テアトル新宿),35.692293,139.705244,新宿3-14-20,219,Movie Theater
360,Shinjuku,35.6937632,139.7036319,Sushizanmai (すしざんまい),35.692341,139.702335,新宿3-18-4,197,Sushi Restaurant
361,Shinjuku,35.6937632,139.7036319,Ramen Nagi (ラーメン凪),35.6937462,139.7045239,歌舞伎町1-1-10,80,Ramen Restaurant
362,Shinjuku,35.6937632,139.7036319,Godzilla Head (ゴジラヘッド),35.695034,139.701864,歌舞伎町1-19-1,213,Outdoor Sculpture
363,Shinjuku,35.6937632,139.7036319,Aan (上海小籠包 厨房 阿杏),35.690758,139.702967,新宿3-28-2,339,Chinese Restaurant
364,Shinjuku,35.6937632,139.7036319,Shinjuku Suehirotei (新宿 末廣亭),35.69116852293986,139.70596489020588,新宿3-6-12,357,Comedy Club
365,Shinjuku,35.6937632,139.7036319,Pierre Hermé Paris,35.69196609006043,139.70398383397202,新宿3-14-1,202,Dessert Shop
366,Shinjuku,35.6937632,139.7036319,Sasamoto (ささもと),35.692964134925425,139.6994903683662,西新宿1-2-7,384,Sake Bar
367,Shinjuku,35.6937632,139.7036319,Aquarium Dining LIME (アクアリウムダイニング LIME),35.69089088874577,139.70168056614153,新宿3-36-10,365,Theme Restaurant
368,Shinjuku,35.6937632,139.7036319,Wagyu Yakiniku Black Hole (和牛焼肉ブラックホール),35.693823,139.703916,歌舞伎町1-2-5,26,BBQ Joint
369,Shinjuku,35.6937632,139.7036319,Café & Meal MUJI,35.692646092279674,139.7036987543106,新宿3-15-15,124,Café
370,Shinjuku,35.6937632,139.7036319,CRESSONNIÈRE (クレッソニエール),35.69088682318639,139.7050175469071,新宿3-4-8,343,French Restaurant
371,Shinjuku,35.6937632,139.7036319,Tokyo Mystery Circus (東京ミステリーサーカス),35.69535157859535,139.7007333052742,歌舞伎町1-27-5,316,Theme Park
372,Shinjuku,35.6937632,139.7036319,Apple Shinjuku (Apple 新宿),35.690966068142366,139.70426738262177,新宿3-30-13,316,Electronics Store
373,Shinjuku,35.6937632,139.7036319,Waketokuyama (分とく山),35.6913551448776,139.70468588470683,新宿3-14-1,284,Japanese Restaurant
374,Shinjuku,35.6937632,139.7036319,Afilia Asterisk (アフィリア・アスタリスク),35.69137699210208,139.7067383714281,新宿3-9-5,386,Bar
375,Shinjuku,35.6937632,139.7036319,Shinjuku Blaze (新宿BLAZE),35.69566949559745,139.7010714885776,歌舞伎町1-21-7,314,Rock Club
376,Shinjuku,35.6937632,139.7036319,YONA YONA BEER WORKS,35.6910992,139.7027101,新宿3-28-10,308,Beer Bar
377,Shinjuku,35.6937632,139.7036319,Tajimaya Coffee (但馬屋珈琲店),35.692682,139.699701,西新宿1-2-6,375,Coffee Shop
378,Shinjuku,35.6937632,139.7036319,BEAMS Japan,35.69038670478231,139.7040376043331,新宿3-32-6,377,Boutique
379,Shinjuku,35.6937632,139.7036319,Kameya (かめや),35.693122,139.699448,西新宿1-2-10,384,Soba Restaurant
380,Shinjuku,35.6937632,139.7036319,Donzoko (どん底),35.69126529797662,139.70624495417894,新宿3-10-2,364,Pub
381,Shinjuku,35.6937632,139.7036319,Ichiran (一蘭),35.690597300865065,139.70282569527626,新宿3-34-11,359,Ramen Restaurant
382,Shinjuku,35.6937632,139.7036319,Omoide Yokocho (思い出横丁),35.69285700630512,139.69952543815089,西新宿1,384,Other Nightlife
383,Shinjuku,35.6937632,139.7036319,英国様式庭園 Q-COURT,35.69096636818532,139.7041070608702,新宿3-30-13,314,Garden
384,Shinjuku,35.6937632,139.7036319,Jojoen (叙々苑),35.69116213482077,139.70194484844757,新宿3-27-10,327,BBQ Joint
385,Shinjuku,35.6937632,139.7036319,KURAND SAKE MARKET,35.69123,139.70682,新宿3-9-9,403,Sake Bar
386,Shinjuku,35.6937632,139.7036319,MK Restaurant (MKレストラン),35.69192633911807,139.70568493008614,新宿3-13-3,276,Hotpot Restaurant
387,Shinjuku,35.6937632,139.7036319,Milk (生クリーム専門店 Milk),35.691584,139.701075,新宿3-38-1,335,Ice Cream Shop
388,Shinjuku,35.6937632,139.7036319,Cafe Arles (カフェ アルル),35.69256454059663,139.70825712746176,新宿5-10-8,438,Café
389,Shinjuku,35.6937632,139.7036319,Barbacoa,35.6913794,139.7054217,新宿3-5-4,310,Brazilian Restaurant
390,Shinjuku,35.6937632,139.7036319,adidasブランドコアストア 新宿,35.6909515,139.7019497,新宿3-27-4,347,Sporting Goods Shop
391,Shinjuku,35.6937632,139.7036319,1Kara (ワンカラ 新宿大ガード店),35.69383668909354,139.69948498817172,西新宿7-1-1,375,Karaoke Bar
392,Shinjuku,35.6937632,139.7036319,Motsuyaki Utchan (もつ焼ウッチャン),35.69304473457258,139.69957686960697,西新宿1-2-7,375,Sake Bar
393,Shinjuku,35.6937632,139.7036319,K's cinema,35.69011913304022,139.70277607440948,新宿3-35-13,412,Movie Theater
394,Shinjuku,35.6937632,139.7036319,Ryu-nosu (龍の巣),35.69103946970375,139.70652700457669,新宿3-9-3,400,BBQ Joint
395,Shinjuku,35.6937632,139.7036319,Anshin Oyado (安心お宿 新宿駅前店),35.68943186067508,139.70270750619082,新宿4-2-10,489,Bed & Breakfast
396,Shinjuku,35.6937632,139.7036319,Tokyo Dominica (東京ドミニカ),35.69036144667166,139.7044366478253,新宿3-31-1,385,Japanese Curry Restaurant
397,Shinjuku,35.6937632,139.7036319,無らい,35.69361273358235,139.70795278127798,新宿5-12-16,390,Gay Bar
398,Shinjuku,35.6937632,139.7036319,Shinjuku Musashinokan (新宿武蔵野館),35.691180087718166,139.70227561962207,新宿3-27-10,312,Movie Theater
399,Shinjuku,35.6937632,139.7036319,Dashi-chazuke En (だし茶漬け えん),35.691622247752406,139.69874739646912,西新宿1,501,Japanese Restaurant
400,Shinagawa,35.599252,139.73891,そば会席 立会川 吉田家,35.60006516571914,139.7410394798525,東大井2-15-13,212,Soba Restaurant
401,Shinagawa,35.599252,139.73891,鳥勝,35.59841773123813,139.73760759398732,南大井4-4-2,150,BBQ Joint
402,Shinagawa,35.599252,139.73891,Yakiniku Otochan (焼肉 乙ちゃん),35.6020952461265,139.74175581485872,東大井2-5-13,408,BBQ Joint
403,Shinagawa,35.599252,139.73891,お山の大将,35.59645104137595,139.7398526145004,南大井1-6-8,323,BBQ Joint
404,Shinagawa,35.599252,139.73891,ARTnSHELTER,35.60427629652849,139.74213198916092,東大井1-19-10,630,Hostel
405,Shinagawa,35.599252,139.73891,Kunsei Kitchen (燻製kitchen),35.603299,139.732175,大井3-4-8,758,Gastropub
406,Shinagawa,35.599252,139.73891,Sushi Choushimaru (すし銚子丸),35.60311554186891,139.74027254018685,東大井3-6-15,447,Sushi Restaurant
407,Shinagawa,35.599252,139.73891,VICTORY (ヴィクトリー),35.604858803093954,139.73439343376813,大井1-50-15,746,BBQ Joint
408,Shinagawa,35.599252,139.73891,POISSON ROUGE,35.60450165569852,139.73388207903105,大井1-53-8,740,French Restaurant
409,Shinagawa,35.599252,139.73891,Hamburg Diner Maru (ハンバーグダイナー マル),35.604774,139.73753,東大井5-23-13,627,Yoshoku Restaurant
410,Shinagawa,35.599252,139.73891,スエヒロ館 大井店,35.59597073423634,139.74259347695224,勝島2-1-2,494,Japanese Restaurant
411,Shinagawa,35.599252,139.73891,Via Inn Tokyo Oimachi (ヴィアイン東京大井町),35.60454934281278,139.73416099712227,大井4-3-1,729,Bed & Breakfast
412,Shinagawa,35.599252,139.73891,Maruhachi Tonkatsu (丸八とんかつ),35.607304,139.736347,東大井5-4-10,925,Tonkatsu Restaurant
413,Shinagawa,35.599252,139.73891,そば道 東京蕎麦style,35.605050128206045,139.73548705433473,東大井5-21-7,715,Soba Restaurant
414,Shinagawa,35.599252,139.73891,Sabai Sabai Thai,35.60371874069731,139.7324949502945,大井1-43-7,764,Thai Restaurant
415,Shinagawa,35.599252,139.73891,Ours Inn Hankyu (アワーズイン阪急),35.60548652471723,139.73429832127974,大井1-50-5,809,Hotel
416,Shinagawa,35.599252,139.73891,かふぇ おかがれーじ,35.59261357906927,139.73304925357095,南大井6-3-2,909,Coffee Shop
417,Shinagawa,35.599252,139.73891,B&M 151A (一期一会),35.60476539920857,139.73514184818546,東大井6-2-24,702,Steakhouse
418,Shinagawa,35.599252,139.73891,Niku no Maekawa (肉のまえかわ),35.6075405002793,139.73611395586633,東大井5-2-9,956,Yakitori Restaurant
419,Shinagawa,35.599252,139.73891,おふろの王様,35.60580179111299,139.73421692848203,大井1-50-5,843,Bath House
420,Shinagawa,35.599252,139.73891,ワダヤ,35.607256825458634,139.73993768503564,南品川5-14-14,895,Liquor Store
421,Shinagawa,35.599252,139.73891,Banpaiya (晩杯屋),35.607248,139.736703,東大井5-5,912,Sake Bar
422,Shinagawa,35.599252,139.73891,Banpaiya (晩杯屋),35.60749863364133,139.7357451170683,東大井5-3-5,961,Sake Bar
423,Shinagawa,35.599252,139.73891,Eiraku (中華そば 永楽),35.607551,139.735684,東大井5-3-2,968,Ramen Restaurant
424,Shinagawa,35.599252,139.73891,Happiness (ハピネス),35.603628,139.731658,大井3-4-1,817,Restaurant
425,Shinagawa,35.599252,139.73891,Gatito,35.6030066561074,139.7344437774743,大井4-10-7,581,Bar
426,Shinagawa,35.599252,139.73891,PIZZERIA Bakka M'unica,35.604905052128885,139.7435846335946,東大井1-3-17,758,Pizza Place
427,Shinagawa,35.599252,139.73891,Shinagawa Kumin Park (しながわ区民公園),35.59303427383113,139.73858570256624,勝島3-2-2,692,Park
428,Shinagawa,35.599252,139.73891,Bulldog (ブルドック),35.607457,139.736244,東大井5-4-13,944,Yoshoku Restaurant
429,Shinagawa,35.599252,139.73891,Noboru (地酒屋のぼる),35.6054849,139.7318695,大井1-25-9,942,Sake Bar
430,Shinagawa,35.599252,139.73891,大井競馬場 パドック,35.59368347293381,139.7432423042448,勝島2-1-2,733,Racecourse
431,Shinagawa,35.599252,139.73891,かき殻荘,35.60757550088402,139.73678638884707,東大井5-4-6,946,Seafood Restaurant
432,Shinagawa,35.599252,139.73891,Starbucks,35.605852186822176,139.7351952642202,東大井5-20-1,808,Coffee Shop
433,Shinagawa,35.599252,139.73891,武術家,35.604975236796854,139.7346767212467,大井1-50-14,743,Ramen Restaurant
434,Shinagawa,35.599252,139.73891,立呑み処 豊後屋,35.608017194645655,139.7366854851629,東大井5-4-18,996,Sake Bar
435,Shinagawa,35.599252,139.73891,丸吉飯店,35.60512248028222,139.7347192066613,大井1-50-14,755,Chinese Restaurant
436,Shinagawa,35.599252,139.73891,Jexer Fitness Club (ジェクサー・フィットネスクラブ 大井町),35.606262969208714,139.73438397129414,大井1-2-1,881,Gym / Fitness Center
437,Shinagawa,35.599252,139.73891,メロンパンファクトリー 大井町店,35.60500222295303,139.7353259507853,東大井6-2-1,717,Bakery
438,Shinagawa,35.599252,139.73891,臚雷亭,35.6076354,139.736296,東大井5-4-15,962,Sake Bar
439,Shinagawa,35.599252,139.73891,立呑み 8,35.60702513106047,139.7375981804532,東大井5-12-3,873,Bar
440,Shinagawa,35.599252,139.73891,麺屋 焔,35.604675,139.7341,大井1-53-5,744,Ramen Restaurant
441,Shinagawa,35.599252,139.73891,飯田屋酒店,35.60593709900788,139.74367691628316,東大井1-2-7,860,Sake Bar
442,Shinagawa,35.599252,139.73891,Sugar Town,35.60496993003262,139.73543072593412,東大井6-2-2,710,Music Venue
443,Shinagawa,35.599252,139.73891,Bunkado (文化堂),35.597061,139.744758,勝島1-6-16,582,Supermarket
444,Shinagawa,35.599252,139.73891,Ikinari Steak (いきなり!ステーキ),35.60692452350732,139.73415156400176,大井1-3-6,956,Steakhouse
445,Shinagawa,35.599252,139.73891,牛八,35.60727067833923,139.7348000876102,大井1-2-20,967,Donburi Restaurant
446,Shinagawa,35.599252,139.73891,Tokyo City Flea Market,35.59609289239761,139.74256243999133,,482,Flea Market
447,Shinagawa,35.599252,139.73891,ひな鶏 そのだ,35.60712895964115,139.74014374344316,南品川5-14-11,883,Fried Chicken Joint
448,Shinagawa,35.599252,139.73891,ザ・ラーメン スモールアックス,35.60740380722523,139.73588091948298,東大井5-3-5,947,Ramen Restaurant
449,Shinagawa,35.599252,139.73891,ajito ism,35.60470919126151,139.7311232130422,大井町1-37-4,930,Ramen Restaurant
450,Shinagawa,35.599252,139.73891,すえひろ湯,35.60401499358849,139.73240527627578,大井1-42-4,792,Bath House
451,Shinagawa,35.599252,139.73891,Samezu Sports Park (鮫洲運動公園),35.606141,139.744697,東大井1-4-11,928,Park
452,Shinagawa,35.599252,139.73891,浜川砲台跡,35.59788269412664,139.7409224510193,東大井2-27,237,Historic Site
453,Shinagawa,35.599252,139.73891,8huit,35.607544592318526,139.73553963657292,東大井5-3-2,972,Wine Bar
454,Shinagawa,35.599252,139.73891,Lawson (ローソン 京急立会川駅前店),35.5980294451966,139.73886553490377,東大井2-24-11,136,Convenience Store
455,Shinagawa,35.599252,139.73891,Diamond Turn (ダイアモンドターン),35.592065881243606,139.74125063612618,勝島2-1-2,827,Restaurant
456,Shinagawa,35.599252,139.73891,My Basket (まいばすけっと 立会川店),35.5968288572991,139.73873838295702,南大井1-4-10,270,Grocery Store
457,Shinagawa,35.599252,139.73891,Ohi Racecourse (Tokyo City Keiba) (大井競馬場),35.59140060698661,139.74284291267395,勝島2-1-1,943,Racecourse
458,Shinagawa,35.599252,139.73891,Zeniba Seinikuten (銭場精肉店),35.60663964366835,139.73624353415354,東大井5-14-19,857,BBQ Joint
459,Shinagawa,35.599252,139.73891,Bar Niku Sushi (バル肉寿司),35.607447,139.736242,東大井5-4-13,943,Sushi Restaurant
460,Shinagawa,35.599252,139.73891,青竹平打ち中華そば 麺壱吉兆,35.607313,139.737182,東大井5-6-6,910,Ramen Restaurant
461,Shinagawa,35.599252,139.73891,Domino's Pizza (ドミノ・ピザ 立会川店),35.59627312659251,139.739790558815,南大井1-8-3,341,Pizza Place
462,Shinagawa,35.599252,139.73891,Isami Sushi (いさ美寿司),35.6075621,139.7354154,東大井5-3-13,977,Sushi Restaurant
463,Shinagawa,35.599252,139.73891,勝島運河,35.60033405999564,139.74253177642822,勝島,349,Canal
464,Shinagawa,35.599252,139.73891,萬来園,35.60723069683326,139.73679581825868,東大井5-6-8,908,Chinese Restaurant
465,Shinagawa,35.599252,139.73891,Hamazushi (はま寿司),35.59734563627596,139.7451930244598,勝島1-6-16,607,Sushi Restaurant
466,Shinagawa,35.599252,139.73891,品川歴史館,35.59694640777002,139.72978274352428,大井6-11-1,865,History Museum
467,Shinagawa,35.599252,139.73891,Saizeriya (サイゼリヤ),35.5967691,139.7445838,勝島1-6-16,583,Italian Restaurant
468,Shinagawa,35.599252,139.73891,Lawson (ローソン 東大井二丁目店),35.59847243057168,139.73813146731766,東大井2-23-3,111,Convenience Store
469,Shinagawa,35.599252,139.73891,My Basket (まいばすけっと立会川駅西店),35.598355,139.735663,南大井5-9-6,310,Grocery Store
470,Shinagawa,35.599252,139.73891,7-Eleven (セブンイレブン 品川東大井2丁目店),35.601284784819754,139.73952446664123,東大井2-13-13,233,Convenience Store
471,Shinagawa,35.599252,139.73891,ソバ ダイニング クワトロ,35.591739838141116,139.73363745066496,南大井6-8-9,962,Ramen Restaurant
472,Shinagawa,35.599252,139.73891,FamilyMart (ファミリーマート 東大井三丁目店),35.600434,139.73877,東大井3-18-3,132,Convenience Store
473,Shinagawa,35.599252,139.73891,DCMホーマック,35.5969195201538,139.74474996328354,勝島1-6-16,588,Furniture / Home Store
474,Shinagawa,35.599252,139.73891,7-Eleven (セブンイレブン 南大井浜川店),35.59650505042578,139.7355052177478,南大井4-9-2,434,Convenience Store
475,Shinagawa,35.599252,139.73891,7-Eleven (セブンイレブン 品川勝島1丁目店),35.596723656060405,139.74520645208733,勝島1-5-21,635,Convenience Store
476,Shinagawa,35.599252,139.73891,ローソン 品川南大井五丁目店,35.597623,139.734542,南大井5-10-25,434,Convenience Store
477,Shinagawa,35.599252,139.73891,鮫洲入江広場,35.6034400235133,139.7436197683309,東大井1-13-1,631,Park
478,Shinagawa,35.599252,139.73891,7-Eleven (セブンイレブン 品川南大井1丁目店),35.595675,139.738926,南大井1-10-7,398,Convenience Store
479,Shinagawa,35.599252,139.73891,Lawson (ローソン 大井店),35.601677481325645,139.7313791513443,大井4-17-16,733,Convenience Store
480,Shinagawa,35.599252,139.73891,Tachiaigawa Station (KK06) (立会川駅),35.598545690579115,139.73890263931995,東大井2-23-1,78,Train Station
481,Shinagawa,35.599252,139.73891,7-Eleven (セブンイレブン 品川東大井1丁目店),35.60661043567213,139.74326133728027,東大井1-1-10,908,Convenience Store
482,Shinagawa,35.599252,139.73891,My Basket (まいばすけっと 大井6丁目店),35.597996104168494,139.7305691242218,大井6-9-36,767,Grocery Store
483,Shinagawa,35.599252,139.73891,My Basket (まいばすけっと大井町駅南店),35.60317218649688,139.7306543261732,大井4-1-3,865,Grocery Store
484,Shinagawa,35.599252,139.73891,FamilyMart (ファミリーマート シティタワー大井町店),35.605048,139.73072,大井1-31-1,982,Convenience Store
485,Shinagawa,35.599252,139.73891,ツルハドラッグ 大井町店,35.599083,139.729383,大井5-11-6,862,Pharmacy
486,Shinagawa,35.599252,139.73891,Matsuya (松屋 立会川店),35.597913289377246,139.73901426713965,東大井2-24-11,149,Donburi Restaurant
487,Shinagawa,35.599252,139.73891,7-Eleven (セブンイレブン 大井店),35.600155226234634,139.72812831401825,大井5-2-11,981,Convenience Store
488,Shinagawa,35.599252,139.73891,My Basket (まいばすけっと 南大井店),35.59137988614908,139.73376765847206,南大井3-8-18,992,Grocery Store
489,Shinagawa,35.599252,139.73891,Lawson (ローソン 勝島一丁目店),35.599978538200084,139.74533656651437,勝島1-3-2,587,Convenience Store
490,Shinagawa,35.599252,139.73891,7-Eleven (セブンイレブン 南大井水神店),35.59316346198191,139.73299084426074,南大井5-27-14,863,Convenience Store
491,Shinagawa,35.599252,139.73891,Yudetaro (ゆで太郎),35.59371933024961,139.73436176776886,南大井4-18-20,740,Soba Restaurant
492,Shinagawa,35.599252,139.73891,Sukiya (すき家),35.59740080542075,139.7451908352986,勝島1-6-16,604,Donburi Restaurant
493,Shinagawa,35.599252,139.73891,Hotel Route Inn Shinagawa Oimachi (ホテルルートイン品川大井町),35.605043,139.731676,大井1-35-2,918,Hotel
494,Shinagawa,35.599252,139.73891,Lawson Three F (ローソン・スリーエフ 南大井店),35.592036632855624,139.7337117296601,南大井3-6-18,930,Convenience Store
495,Shinagawa,35.599252,139.73891,九州うまかもん エビス 立会川総本店,35.5981935110208,139.73857813212325,東大井2-23-1,121,Sake Bar
496,Shinagawa,35.599252,139.73891,関東運輸局 東京運輸支局,35.604788612069704,139.74647618691753,東大井1-12-17,921,Vehicle Inspection Station
497,Shinagawa,35.599252,139.73891,FamilyMart (ファミリーマート 大井二丁目店),35.6036421216912,139.7293559097468,大井2-27-25,993,Convenience Store
498,Shinagawa,35.599252,139.73891,南大井四丁目防災活動広場,35.59702245207786,139.73680947941946,南大井4-6-20,312,Plaza
499,Shinagawa,35.599252,139.73891,Wira Ooi (ウィラ大井),35.596866055684664,139.74513965787844,勝島1-6-16,623,Shopping Mall
500,Meguro,35.62125,139.688014,Pâtisserie Jun Ujita (パティスリー ジュン ウジタ),35.61984416730862,139.68632072210312,碑文谷4-6-6,219,Dessert Shop
501,Meguro,35.62125,139.688014,AMAMERIA COFFEE ROASTER,35.62208664156177,139.69016298651692,碑文谷1-13-18,215,Coffee Shop
502,Meguro,35.62125,139.688014,朝日屋,35.621564457014536,139.68535780906677,碑文谷2-19-16,242,Japanese Restaurant
503,Meguro,35.62125,139.688014,Suzume no Oyado Ryokuchi Park (すずめのお宿緑地公園),35.61786655154432,139.68463897705078,碑文谷3-11-22,484,Park
504,Meguro,35.62125,139.688014,アトリオドゥーエ 碑文谷,35.622698214535184,139.68218207359314,碑文谷5-13-12,551,Gym
505,Meguro,35.62125,139.688014,Starbucks,35.62254950306565,139.68415704336036,碑文谷4-1-1,377,Coffee Shop
506,Meguro,35.62125,139.688014,S-ing Himonya (スイング碑文谷),35.62231940913291,139.6815685959694,碑文谷5-14-8,595,Golf Driving Range
507,Meguro,35.62125,139.688014,Matterhorn (マッターホーン),35.62806590210635,139.6846657991409,鷹番3-5-1,816,Pastry Shop
508,Meguro,35.62125,139.688014,Ogawaken (巴裡 小川軒),35.62725052517636,139.69277679920197,目黒本町2-6-14,794,Pastry Shop
509,Meguro,35.62125,139.688014,大黒屋商店,35.62247909894051,139.6838445534006,碑文谷5-7-2,401,Japanese Restaurant
510,Meguro,35.62125,139.688014,Sanpou Camera (三宝カメラ),35.626435139930514,139.6939355134964,目黒本町2-5-5,787,Camera Store
511,Meguro,35.62125,139.688014,HIGUMA Doughnuts,35.628835488211145,139.6881741285324,鷹番2-8-21,844,Donut Shop
512,Meguro,35.62125,139.688014,やまや 碑文谷店,35.614033019281464,139.68608304851162,南2-8-10,822,Liquor Store
513,Meguro,35.62125,139.688014,monogram,35.62810234911027,139.68574921367693,鷹番2-19-13,789,Art Gallery
514,Meguro,35.62125,139.688014,Lodge Bistro SARU,35.62810514463655,139.68689739704132,鷹番2-16-12,769,Bistro
515,Meguro,35.62125,139.688014,Chiyonoyu (千代の湯),35.62952658330045,139.6868920326233,鷹番2-20-3,926,Bath House
516,Meguro,35.62125,139.688014,Bigiya (麺処 びぎ屋),35.6287520741323,139.6890394078083,鷹番2-4-9,840,Ramen Restaurant
517,Meguro,35.62125,139.688014,タイカフェ ピーマイ 学芸大学,35.62874235670463,139.68918910548098,鷹番2-4-7,840,Thai Restaurant
518,Meguro,35.62125,139.688014,大鴻運天天酒楼,35.6266670856363,139.69118364500943,鷹番1-1-7,667,Chinese Restaurant
519,Meguro,35.62125,139.688014,Factory & Labo Kanno Coffee (Factory & Labo 神乃珈琲),35.62841322515058,139.69428942043234,中央町1-4-15,978,Coffee Shop
520,Meguro,35.62125,139.688014,Rue de Passy (リュードパッシー),35.627405316623395,139.68319728970528,鷹番3-17-6,812,Dessert Shop
521,Meguro,35.62125,139.688014,TRASPARENTE,35.629740232939284,139.68517005443573,鷹番3-8-11,979,Bakery
522,Meguro,35.62125,139.688014,Pizzeria la Rossa,35.62233410569908,139.69778716564178,目黒本町5-33-25,892,Pizza Place
523,Meguro,35.62125,139.688014,学大酒場 エビス参,35.62922790936755,139.68608530340043,鷹番2-20-12,905,Sake Bar
524,Meguro,35.62125,139.688014,Ozeki (オオゼキ 碑文谷店),35.62147998390101,139.68205408373797,碑文谷4-16-14,539,Supermarket
525,Meguro,35.62125,139.688014,Kudan (件),35.62960834937273,139.68481317410595,鷹番3-7-4,974,Japanese Restaurant
526,Meguro,35.62125,139.688014,学大角打,35.62995824218625,139.68675255775452,鷹番2-21-9,976,Sake Bar
527,Meguro,35.62125,139.688014,Meguro Hiiragi (目黒ひいらぎ),35.62899522720659,139.6834496928632,鷹番3-18-3,956,Wagashi Place
528,Meguro,35.62125,139.688014,Himonya Park (碑文谷公園),35.62594241647314,139.68239665031433,碑文谷6-9-11,728,Park
529,Meguro,35.62125,139.688014,Sushiya no Yoshikan (すし屋の芳勘),35.62817388049588,139.68371608325802,鷹番3-16-19,863,Sushi Restaurant
530,Meguro,35.62125,139.688014,中華料理 二葉,35.628796,139.685454,鷹番3-3-17,871,Chinese Restaurant
531,Meguro,35.62125,139.688014,流浪堂,35.628217512414544,139.68474129177991,鷹番3-6-9-103,830,Bookstore
532,Meguro,35.62125,139.688014,鳩乃湯,35.629945,139.685362,鷹番3-8-15,997,Sake Bar
533,Meguro,35.62125,139.688014,モンゴメリー,35.629407903969245,139.68601587934347,鷹番3-1-4,925,Ramen Restaurant
534,Meguro,35.62125,139.688014,torse,35.629304015988,139.68653818456167,下馬5-35-5,906,Café
535,Meguro,35.62125,139.688014,VOVO 学芸大学駅前店,35.62986942997265,139.6868822112087,鷹番2-21-8,964,Indian Restaurant
536,Meguro,35.62125,139.688014,biji (biji / ビジ),35.628467849986436,139.68863649519517,鷹番2-5-17,805,Vegetarian / Vegan Restaurant
537,Meguro,35.62125,139.688014,Shimizuike Park (清水池公園),35.624176435774665,139.69240128993985,目黒本町2-12,513,Park
538,Meguro,35.62125,139.688014,Starbucks,35.629246984823816,139.68432649970055,鷹番3-15-25,950,Coffee Shop
539,Meguro,35.62125,139.688014,Nakatsu Karaage Moriyama (中津からあげ もり山),35.628768,139.688033,鷹番2-8-21,836,Fried Chicken Joint
540,Meguro,35.62125,139.688014,Osteria Bar Ri.carica,35.62820979128958,139.6869671344757,鷹番2-16-14,780,Italian Restaurant
541,Meguro,35.62125,139.688014,びーふてい,35.62881384643571,139.68903896631505,鷹番2-4-10,847,BBQ Joint
542,Meguro,35.62125,139.688014,AEON Style (イオンスタイル碑文谷),35.62252974446999,139.6841499679341,碑文谷4-1-1,377,Shopping Mall
543,Meguro,35.62125,139.688014,Couki (香氣 四川麺条),35.628756,139.689744,中央町1-17-12,850,Noodle House
544,Meguro,35.62125,139.688014,My Basket (まいばすけっと 碑文谷1丁目店),35.62129439591688,139.68881880185205,碑文谷1-25-20,72,Grocery Store
545,Meguro,35.62125,139.688014,Carnival 学芸大学店,35.628033215669284,139.68489132266313,鷹番3-4-25,806,Wine Shop
546,Meguro,35.62125,139.688014,アオギリ,35.62959979202178,139.68647595366315,鷹番2-20-19,939,Sake Bar
547,Meguro,35.62125,139.688014,Himonya Bakery (碑文谷ベーカリー),35.62529273673894,139.69562967719628,目黒本町4-12-12,823,Bakery
548,Meguro,35.62125,139.688014,Ikinari Steak (いきなり!ステーキ),35.628849,139.685699,鷹番3-3-19,871,Steakhouse
549,Meguro,35.62125,139.688014,Aozora Coffee Shop (アオゾラコーヒーショップ),35.62233507750458,139.68255521411382,碑文谷5-14-12,508,Coffee Shop
550,Meguro,35.62125,139.688014,平均律,35.629397,139.684958,鷹番3-7-5,948,Café
551,Meguro,35.62125,139.688014,田向公園,35.623236,139.687053,碑文谷2-12,237,Park
552,Meguro,35.62125,139.688014,Yanaka Coffee (やなか珈琲店),35.62932557089796,139.6842373162508,鷹番3-14-6,961,Coffee Shop
553,Meguro,35.62125,139.688014,讃岐饂飩 恩家,35.62975950570217,139.68649680544675,鷹番2-20-19,957,Udon Restaurant
554,Meguro,35.62125,139.688014,Baskin-Robbins (サーティワンアイスクリーム),35.622422,139.684199,碑文谷4-1-1,369,Ice Cream Shop
555,Meguro,35.62125,139.688014,Takeichi (濃厚鶏そば たけいち),35.629300645037866,139.68587070164153,鷹番3-1-4,916,Ramen Restaurant
556,Meguro,35.62125,139.688014,Mikiya's ぐりぐり,35.62885981736438,139.68458709230737,鷹番3-6-16,902,Italian Restaurant
557,Meguro,35.62125,139.688014,7-Eleven (セブンイレブン 目黒環七柿の木坂店),35.623554,139.67899,柿の木坂1-1-1,855,Convenience Store
558,Meguro,35.62125,139.688014,FamilyMart (ファミリーマート 碑文谷一丁目店),35.621583,139.689264,碑文谷1-25-21,119,Convenience Store
559,Meguro,35.62125,139.688014,タイ国屋台料理 ソンクラン,35.629423358766665,139.68507480667918,鷹番3-7-4,947,Thai Restaurant
560,Meguro,35.62125,139.688014,Daiso (ダイソー 学大小路店),35.62762076340398,139.68455746313165,鷹番3-4-25,775,Discount Store
561,Meguro,35.62125,139.688014,Yousyu-Syonin (揚州商人),35.62240652287925,139.6841335853447,碑文谷4-1-1,373,Ramen Restaurant
562,Meguro,35.62125,139.688014,KALDI COFFEE FARM,35.628984777976896,139.6860579326172,鷹番2-19-20,879,Grocery Store
563,Meguro,35.62125,139.688014,Kisoji (木曽路),35.61723257517339,139.6826491574154,碑文谷3-17-15,660,Japanese Restaurant
564,Meguro,35.62125,139.688014,7-Eleven (セブンイレブン 目黒鷹番1丁目店),35.624477309316894,139.68679815530774,鷹番1-11-8,375,Convenience Store
565,Meguro,35.62125,139.688014,coQere (コクエレ),35.61682824674617,139.69633863024046,原町1-16-17,899,Chinese Restaurant
566,Meguro,35.62125,139.688014,まさひろ,35.62843098113016,139.69009595263054,中央町1-17-9,821,Café
567,Meguro,35.62125,139.688014,Katsuyoshi (かつよし),35.62862401628027,139.6899175643921,中央町1-17-11,838,Tonkatsu Restaurant
568,Meguro,35.62125,139.688014,Koyamadai Park (小山台公園),35.62423312218077,139.69821095466614,小山台2-2-1,980,Park
569,Meguro,35.62125,139.688014,Lo SPAZIO (ロ・スパツィオ),35.628458772465684,139.6859024762598,鷹番3-3-5,824,Café
570,Meguro,35.62125,139.688014,千本桜ホール,35.62960615844109,139.68512943593566,鷹番3-8-11,966,Performing Arts Venue
571,Meguro,35.62125,139.688014,平和通り商店会,35.624342134387255,139.6981197595596,目黒本町,977,Shopping Mall
572,Meguro,35.62125,139.688014,やきとり家 すみれ 学芸大学店,35.629596346510596,139.68548119068146,鷹番3-8-4,956,Japanese Restaurant
573,Meguro,35.62125,139.688014,DEAN & DELUCA BAKERY,35.62488937341808,139.68288481235504,碑文谷5-11-13,616,Bakery
574,Meguro,35.62125,139.688014,Doutor Coffee Shop (ドトールコーヒーショップ 学芸大学店),35.628918410859455,139.68724419593872,鷹番2-16-18,856,Coffee Shop
575,Meguro,35.62125,139.688014,My Basket (まいばすけっと 目黒本町4丁目店),35.620514270970894,139.69300858829777,目黒本町4-19-3,459,Grocery Store
576,Meguro,35.62125,139.688014,7-Eleven (セブンイレブン 目黒碑文谷3丁目店),35.61900888521392,139.68524357960789,碑文谷3-10-18,353,Convenience Store
577,Meguro,35.62125,139.688014,ぽかぽかランド 鷹番の湯,35.62996244654783,139.6894434082429,鷹番2-2-1,978,Hot Spring
578,Meguro,35.62125,139.688014,ローソン目黒碑文谷二丁目店,35.624037,139.686987,,323,Convenience Store
579,Meguro,35.62125,139.688014,ドミノ・ピザ 目黒本町店,35.626028016756344,139.69466946236543,目黒本町1-10-18,803,Pizza Place
580,Meguro,35.62125,139.688014,FamilyMart (ファミリーマート 学芸大学駅南店),35.62712385774108,139.68542355609145,碑文谷6-1-26,694,Convenience Store
581,Meguro,35.62125,139.688014,恭文堂書店,35.628979376009255,139.6857950091362,鷹番3丁目3-19,883,Bookstore
582,Meguro,35.62125,139.688014,Daiso (ダイソー),35.62140045602316,139.68214988708496,碑文谷4-16,530,Discount Store
583,Meguro,35.62125,139.688014,Konami Sports Club (コナミスポーツクラブ 碑文谷),35.6253625,139.6892619,碑文谷2-1-24,471,Sports Club
584,Meguro,35.62125,139.688014,Bamiyan (バーミヤン),35.624835,139.688331,碑文谷2-1-17,400,Chinese Restaurant
585,Meguro,35.62125,139.688014,The Farm Doutor (ドトール珈琲農園),35.629095,139.685164,鷹番3-6-1,910,Café
586,Meguro,35.62125,139.688014,7-Eleven (セブンイレブン 清水池店),35.62409688724179,139.69343065813965,目黒本町2-11-11,583,Convenience Store
587,Meguro,35.62125,139.688014,Gakugei-daigaku Station (TY05) (学芸大学駅),35.629059364239595,139.6853628560537,鷹番3-2-1,901,Train Station
588,Meguro,35.62125,139.688014,7-Eleven (セブンイレブン 目黒本町2丁目店),35.6261287474592,139.69034191984696,目黒本町2-17-19,582,Convenience Store
589,Meguro,35.62125,139.688014,APIA40,35.62309066531635,139.68380212783813,碑文谷5-6-9,432,Rock Club
590,Meguro,35.62125,139.688014,麺や すする,35.62932444569218,139.68689785296908,鷹番2-15-14,904,Ramen Restaurant
591,Meguro,35.62125,139.688014,7-Eleven (セブンイレブン 目黒南2丁目店),35.61368439817749,139.68674182891846,南2-8-6,850,Convenience Store
592,Meguro,35.62125,139.688014,7-Eleven (セブンイレブン 学芸大学駅東店),35.628916864117926,139.68790681018888,鷹番2-8-19,853,Convenience Store
593,Meguro,35.62125,139.688014,My Basket (まいばすけっと 学芸大学東口店),35.627961255264985,139.68501180410385,鷹番3-4-19,794,Grocery Store
594,Meguro,35.62125,139.688014,Lawson Three F (ローソン・スリーエフ 碑文谷六丁目店),35.627187513549465,139.68416964712264,碑文谷6-7-1,746,Convenience Store
595,Meguro,35.62125,139.688014,焼魚食堂 魚角 学芸大学店,35.62931720679189,139.68404766493924,鷹番3-15-23,967,Japanese Restaurant
596,Meguro,35.62125,139.688014,珈琲美学,35.628942314025416,139.68625903129578,鷹番2-19-20,870,Café
597,Meguro,35.62125,139.688014,FamilyMart (ファミリーマート 原町二丁目店),35.61395562113901,139.6916051178318,原町2-22-11,874,Convenience Store
598,Meguro,35.62125,139.688014,Baskin-Robbins (サーティワンアイスクリーム),35.629313,139.684425,鷹番3-7-10,954,Ice Cream Shop
599,Meguro,35.62125,139.688014,KFC (ケンタッキーフライドチキン),35.629198,139.684624,鷹番3-6-20,936,Fried Chicken Joint
600,Shibuya,35.6645956,139.6987107,LINE CUBE SHIBUYA,35.6641,139.69852,宇田川町1-1,57,Concert Hall
601,Shibuya,35.6645956,139.6987107,THE SG CLUB,35.66428416683823,139.69916678696083,神南1-7-8,53,Cocktail Bar
602,Shibuya,35.6645956,139.6987107,koé lobby,35.66253492,139.6989783,宇田川町3-7,230,Café
603,Shibuya,35.6645956,139.6987107,Menya Nukaji (麺屋 ぬかじ),35.662691,139.698575,宇田川町3-12,212,Ramen Restaurant
604,Shibuya,35.6645956,139.6987107,Kenyan (ケニヤン),35.66383847208035,139.69991952180862,神南1-14-8,138,Tea Room
605,Shibuya,35.6645956,139.6987107,JELLY JELLY CAFE,35.66271032830179,139.6971740250611,宇田川町10-2,251,Gaming Cafe
606,Shibuya,35.6645956,139.6987107,Zelkova Trees (代々木公園 ケヤキ並木),35.66505064738497,139.69869132027057,神南2-1-1,50,Trail
607,Shibuya,35.6645956,139.6987107,and people,35.66271896654017,139.697191723296,宇田川町10-2,250,Café
608,Shibuya,35.6645956,139.6987107,Tokyu Hands (東急ハンズ),35.66201929108489,139.69792932271957,宇田川町12-18,295,Furniture / Home Store
609,Shibuya,35.6645956,139.6987107,Sakanaya Gowan (魚屋豪椀),35.66258409124952,139.69711419458443,宇田川町11-11,266,Sake Bar
610,Shibuya,35.6645956,139.6987107,Motoya Express,35.66449290878193,139.70214387581677,代官山町20-14,310,Food Truck
611,Shibuya,35.6645956,139.6987107,Zuicho (瑞兆),35.66269430002138,139.69535641372204,宇田川町41-26,369,Donburi Restaurant
612,Shibuya,35.6645956,139.6987107,バールボッサ,35.66243310267436,139.69590346951273,宇田川町41-23,349,Wine Bar
613,Shibuya,35.6645956,139.6987107,Yoyogi National Stadium Futsal Court (国立代々木競技場 フットサルコート),35.667658,139.698161,神南2-1-1,344,Soccer Field
614,Shibuya,35.6645956,139.6987107,sequence MIYASHITA PARK,35.663309239635964,139.7018252313137,神宮前​6-20-10,315,Hotel
615,Shibuya,35.6645956,139.6987107,Barbacoa,35.6611726,139.7003278,宇田川町20-15,408,Brazilian Restaurant
616,Shibuya,35.6645956,139.6987107,FREITAG Store,35.66381210432363,139.70231447327458,神宮前6-19-18,337,Accessories Store
617,Shibuya,35.6645956,139.6987107,Shirubee (汁べゑ),35.66242396003599,139.70123447477818,神南1-11-5,332,Sake Bar
618,Shibuya,35.6645956,139.6987107,TEXMEX FACTORY,35.66230017070102,139.69987380344182,神南1-19-3,276,Mexican Restaurant
619,Shibuya,35.6645956,139.6987107,TOWER RECORDS,35.6618879932842,139.70100447535515,神南1-22-14,365,Record Shop
620,Shibuya,35.6645956,139.6987107,Shibuya WWW X,35.66164126411828,139.6985617057197,宇田川町13-17,329,Rock Club
621,Shibuya,35.6645956,139.6987107,Shibuya Publishing & Booksellers,35.66429630096961,139.69345460291737,神山町17-3,476,Bookstore
622,Shibuya,35.6645956,139.6987107,かにチャーハンの店,35.66127387696217,139.69791658222675,宇田川町31-4,376,Chinese Restaurant
623,Shibuya,35.6645956,139.6987107,Libertin (リベルタン),35.66302264332089,139.70305085300754,渋谷1-22-6,429,French Restaurant
624,Shibuya,35.6645956,139.6987107,Cafe Mame-Hico (カフエ マメヒコ),35.66209130729211,139.69957888126373,神南1-20-11,289,Café
625,Shibuya,35.6645956,139.6987107,Mandarake (まんだらけ),35.661384895810684,139.6975701556453,宇田川町31-2,371,Toy / Game Store
626,Shibuya,35.6645956,139.6987107,disk union 渋谷パンク・ヘヴィメタル館,35.6610654881324,139.6981461610392,宇田川町30-7,396,Record Shop
627,Shibuya,35.6645956,139.6987107,Loft (渋谷ロフト),35.66078714468792,139.699648629539,宇田川町21-1,432,Stationery Store
628,Shibuya,35.6645956,139.6987107,Erick South Masala Diner (エリックサウス マサラダイナー),35.664042,139.701818,神宮前6-19-17,287,South Indian Restaurant
629,Shibuya,35.6645956,139.6987107,Pignon (ピニョン),35.66335565542159,139.69409773166183,神山町16-3,439,French Restaurant
630,Shibuya,35.6645956,139.6987107,Double Tall Coffeebar,35.66196225426665,139.70223116047424,渋谷1-23-16,432,Coffee Shop
631,Shibuya,35.6645956,139.6987107,MUJI (無印良品),35.6612923,139.699866,宇田川町21-1,382,Clothing Store
632,Shibuya,35.6645956,139.6987107,Dormy Inn Premium Shibuya Jingumae (ドーミーインPREMIUM渋谷神宮前),35.66580474726975,139.70225816923016,神宮前6-24-4,347,Bed & Breakfast
633,Shibuya,35.6645956,139.6987107,disk union 渋谷JAZZ/RARE GROOVE館,35.66111011171721,139.6981449208644,宇田川町30-7,391,Record Shop
634,Shibuya,35.6645956,139.6987107,Milan Nataraj (ミラン・ナタラジ),35.6611149,139.700982,神南1-22-7,438,Indian Restaurant
635,Shibuya,35.6645956,139.6987107,Yoshimoto Mugendai Hall (ヨシモト∞ホール),35.66135408299098,139.6974129974842,宇田川町31-2,379,Comedy Club
636,Shibuya,35.6645956,139.6987107,Maruzen & Junkudo (MARUZEN & ジュンク堂書店),35.66068227883043,139.69636165773827,道玄坂2-24-1,484,Bookstore
637,Shibuya,35.6645956,139.6987107,Grandfather's (グランドファーザーズ),35.660586086641096,139.7020023573748,渋谷1-24-7,536,Bar
638,Shibuya,35.6645956,139.6987107,Shibuya Nishimura Fruit Parlor (渋谷西村フルーツパーラー),35.659721582453464,139.6998806297779,宇田川町22-2,552,Dessert Shop
639,Shibuya,35.6645956,139.6987107,Orchard Hall (オーチャードホール),35.660844881764724,139.69521587885455,道玄坂2-24-1,523,Concert Hall
640,Shibuya,35.6645956,139.6987107,Uoriki (魚力),35.66479011764224,139.69308440965244,神山町40-4,509,Seafood Restaurant
641,Shibuya,35.6645956,139.6987107,Paul Smith,35.664950587657856,139.70296919345856,神宮前6-18-13,387,Men's Store
642,Shibuya,35.6645956,139.6987107,Ichiran (一蘭),35.66113180091841,139.70107555389404,神南1-22-7,440,Ramen Restaurant
643,Shibuya,35.6645956,139.6987107,Café de Copain (人間関係),35.66118920183404,139.6988379389247,宇田川町16-12,379,Café
644,Shibuya,35.6645956,139.6987107,THE ALDGATE,35.66079310686683,139.69781183726533,宇田川町30-4,431,Pub
645,Shibuya,35.6645956,139.6987107,VIRON,35.66088445690445,139.69679474830627,宇田川町33-8,447,Bakery
646,Shibuya,35.6645956,139.6987107,Patagonia (パタゴニア),35.66519172218032,139.70362298190594,神宮前6-16-8,449,Sporting Goods Shop
647,Shibuya,35.6645956,139.6987107,The Roastery by Nozy Coffee,35.665574385348556,139.70469634574982,神宮前5-17-13,552,Coffee Shop
648,Shibuya,35.6645956,139.6987107,Bunkamura The Museum (Bunkamura ザ・ミュージアム),35.66083972008935,139.69527654550146,道玄坂2-24-1,520,Art Museum
649,Shibuya,35.6645956,139.6987107,MIYASHITA PARK,35.662068,139.701771,神宮前6-20-10,394,Shopping Mall
650,Shibuya,35.6645956,139.6987107,Fuglen Tokyo,35.666633,139.69242,富ヶ谷1-16-11,612,Coffee Shop
651,Shibuya,35.6645956,139.6987107,Chatei Hatou (茶亭 羽當),35.66045950284476,139.7027599811554,渋谷1-15-19,588,Café
652,Shibuya,35.6645956,139.6987107,MEGA Don Quijote (MEGAドン・キホーテ 渋谷本店),35.66034831819992,139.69775944760306,宇田川町28-6,480,Discount Store
653,Shibuya,35.6645956,139.6987107,TRUNK (BAR),35.66424023380063,139.70367962420394,神宮前5-31,451,Hotel Bar
654,Shibuya,35.6645956,139.6987107,Tachinomi Nagi (立呑み なぎ),35.6594504507191,139.696112002553,道玄坂2-20-7,619,Sake Bar
655,Shibuya,35.6645956,139.6987107,Goku (中華食堂 悟空),35.659656311706705,139.69774332855928,道玄坂2-29-13,556,Chinese Restaurant
656,Shibuya,35.6645956,139.6987107,Casa De Sarasa,35.660207,139.696497,道玄坂2-25-5,527,Mexican Restaurant
657,Shibuya,35.6645956,139.6987107,TRUNK (HOTEL),35.664268,139.703863,神宮前5-31,467,Hotel
658,Shibuya,35.6645956,139.6987107,Coffee Supreme Tokyo,35.6654997,139.6924227,神山町42-3,577,Coffee Shop
659,Shibuya,35.6645956,139.6987107,CAMELBACK sandwich & espresso,35.665567,139.69221,神山町42-2,597,Sandwich Place
660,Shibuya,35.6645956,139.6987107,Mikkeller Tokyo,35.65942878910843,139.6960162449148,道玄坂2-19-11,624,Beer Bar
661,Shibuya,35.6645956,139.6987107,CBGK シブゲキ!!,35.659378,139.69821,道玄坂2-29-5,582,Indie Theater
662,Shibuya,35.6645956,139.6987107,Theatre Cocoon (シアターコクーン),35.66087164953578,139.6952486928351,道玄坂2-24-1,519,Performing Arts Venue
663,Shibuya,35.6645956,139.6987107,Ahiru Store (アヒルストア),35.66578686857216,139.69204138318034,富ヶ谷1-19-4,617,Wine Bar
664,Shibuya,35.6645956,139.6987107,Sebastian (セバスチャン),35.66452145153107,139.69364192828112,神山町7-15,458,Café
665,Shibuya,35.6645956,139.6987107,Reikyo (麗郷),35.659469,139.697696,道玄坂2-25-18,578,Taiwanese Restaurant
666,Shibuya,35.6645956,139.6987107,Les Deux Magots Paris,35.66059134780782,139.69517469406128,道玄坂2-24-1,548,French Restaurant
667,Shibuya,35.6645956,139.6987107,Meikyoku Kissa Lion (名曲喫茶ライオン),35.65932209593178,139.69634388316456,道玄坂2-19-13,624,Café
668,Shibuya,35.6645956,139.6987107,寅や,35.66575601225133,139.6937088668346,神山町5-2,470,Japanese Restaurant
669,Shibuya,35.6645956,139.6987107,Uoshin (魚真),35.660280938841495,139.69643953234066,道玄坂2-25-5,522,Seafood Restaurant
670,Shibuya,35.6645956,139.6987107,SHIBUYA PLEASURE PLEASURE,35.65917454929684,139.6984335739884,道玄坂2-29-5,603,Music Venue
671,Shibuya,35.6645956,139.6987107,Morimoto (焼鳥 森本),35.658501,139.698633,道玄坂2-7-4,678,Yakitori Restaurant
672,Shibuya,35.6645956,139.6987107,The Great Burger,35.66622297164178,139.70473092572306,神宮前6-12-5,573,Burger Joint
673,Shibuya,35.6645956,139.6987107,Gessekai (月世界),35.659313479707414,139.69727527920202,道玄坂2-26-5,602,Chinese Restaurant
674,Shibuya,35.6645956,139.6987107,Yanbaru (やんばる),35.66023,139.69931,宇田川町24-6,488,Noodle House
675,Shibuya,35.6645956,139.6987107,KURA,35.660652,139.702103,渋谷1-24-7,535,Italian Restaurant
676,Shibuya,35.6645956,139.6987107,Uobei (魚べい),35.65944761044888,139.6977925352733,道玄坂2-29-11,579,Sushi Restaurant
677,Shibuya,35.6645956,139.6987107,Village Vanguard (ヴィレッジヴァンガード),35.65973977992787,139.699609596293,宇田川町23-3,546,Hobby Shop
678,Shibuya,35.6645956,139.6987107,Yoyogi Park (代々木公園),35.67043660939139,139.69567090272903,代々木神園町/神南2,705,Park
679,Shibuya,35.6645956,139.6987107,Young Snack Serina (ヤングスナック芹奈),35.659418307410334,139.69600631236756,道玄坂2-19-11,626,Bar
680,Shibuya,35.6645956,139.6987107,Tenkazushi (天下寿司),35.65897039217261,139.69802521169186,道玄坂2-9-10,629,Sushi Restaurant
681,Shibuya,35.6645956,139.6987107,amulet-d アミュレット,35.66005833823494,139.7014343007566,渋谷1-25-10,561,Bar
682,Shibuya,35.6645956,139.6987107,WIRED TOKYO 1999,35.6595876311887,139.70031084672615,宇田川町21-6,575,Café
683,Shibuya,35.6645956,139.6987107,Contact Tokyo,35.6586775,139.6976429,道玄坂2-10-12,665,Nightclub
684,Shibuya,35.6645956,139.6987107,restaurant eatrip,35.66834511315837,139.7043952753316,神宮前6-31-10,662,Restaurant
685,Shibuya,35.6645956,139.6987107,aruruの食堂 urura,35.65996135626264,139.69532163195097,松濤1-29-2,600,French Restaurant
686,Shibuya,35.6645956,139.6987107,UTRECHT/NOW IDeA/aMoule,35.664261,139.70598,神宮前5-36-6,658,Art Gallery
687,Shibuya,35.6645956,139.6987107,Kiraku (喜楽),35.65904659098459,139.6969570567263,道玄坂2-17-6,637,Ramen Restaurant
688,Shibuya,35.6645956,139.6987107,Wokini,35.65927311803327,139.69720070780494,道玄坂2-26-5,608,Bar
689,Shibuya,35.6645956,139.6987107,NUMBER SUGAR,35.66643408187228,139.7060143008402,神宮前5-11-11,691,Candy Store
690,Shibuya,35.6645956,139.6987107,Mizuho (瑞穂),35.667080030674114,139.70558478809923,神宮前6-8-7,680,Wagashi Place
691,Shibuya,35.6645956,139.6987107,Chao Chao Bamboo (チャオチャオバンブー),35.667197117810574,139.70578865135457,神宮前6-7-12,702,Thai Restaurant
692,Shibuya,35.6645956,139.6987107,Uogashi Nihon-ichi (魚がし日本一),35.6589335,139.6982033,道玄坂2-9-1,631,Sushi Restaurant
693,Shibuya,35.6645956,139.6987107,Tototoriton (とととりとん),35.658568974682794,139.69875678420067,道玄坂2-7-3,670,Sake Bar
694,Shibuya,35.6645956,139.6987107,Shunju (春秋 渋谷文化村通),35.66009284194764,139.69596795737743,道玄坂2-23-12,559,Japanese Restaurant
695,Shibuya,35.6645956,139.6987107,pivoine,35.66612894649462,139.69208218298814,富ヶ谷1-19-3,623,Women's Store
696,Shibuya,35.6645956,139.6987107,Torikatsu Chicken (とりかつ チキン),35.658729727892194,139.69701663113463,道玄坂2-16-19,670,Tonkatsu Restaurant
697,Shibuya,35.6645956,139.6987107,Mouko Tanmen Nakamoto (蒙古タンメン中本),35.65917482028122,139.6989881247282,道玄坂2-6-17,603,Ramen Restaurant
698,Shibuya,35.6645956,139.6987107,SMOKEHOUSE,35.66547529329162,139.70485410586778,神宮前5-17-13,564,American Restaurant
699,Shibuya,35.6645956,139.6987107,Sarutahiko Coffee The Bridge (猿田彦珈琲 The Bridge),35.66995460963029,139.70254808664322,神宮前1-18-20,690,Coffee Shop
